"Player,Nation,Pos,Squad,League,Age,Min,Gls_90,Ast_90,GA_90,Sh_90,SoT_90,SoT_pct,G_per_Sh,Salah_Score,Salah_Euclidean,KDB_Score,KDB_Euclidean,Outlier_Count,Is_Outlier,PC1,PC2,Cluster,Cluster_Label,Salah_Cosine,KDB_Cosine,Salah_Euc_Sim,KDB_Euc_Sim,Market_Value_M"
"Abu Kamara,eng ENG,FW,Hull City,EFL Championship,21.0,2256,0.1995,0.1197,0.3191,1.4362,0.5585,38.89,0.1389,0.459,5.002253169056629,0.2825,6.629785532877261,0,False,0.6242490611740062,-0.3542348716181803,0,Active Forward,0.6538684559453821,0.3834343745351034,0.1666041021320614,0.1310652829874355,"
"Adam Randell,eng ENG,MF,Plymouth Argyle,EFL Championship,23.0,3378,0.0266,0.0799,0.1066,0.7993,0.1865,23.33,0.0333,-0.417,7.4077330168328785,-0.3051,8.394897981712534,0,False,-2.1395926454499468,0.2757086060582904,1,Low Volume Player,-0.7742475663509145,-0.579528433574652,0.1189381249378315,0.1064407513467981,"
"Aidan Morris,us USA,MF,Middlesbrough,EFL Championship,22.0,2915,0.0,0.0617,0.0617,0.9262,0.1235,13.33,0.0,-0.419,8.116995888806116,-0.2975,8.965907744734213,0,False,-2.828641911351898,0.6543709339386788,1,Low Volume Player,-0.7715206203418612,-0.5627444948451044,0.1096852529272064,0.1003420888105632,"
"Alan Varela,ar ARG,MF,Porto,Primeira Liga,23.0,2198,0.0,0.0819,0.0819,0.6142,0.2047,33.33,0.0,-0.4022,7.639024874610372,-0.2613,8.482814882559342,0,False,-2.202286061960365,0.180173243499776,1,Low Volume Player,-0.7474392488136936,-0.5058280713577252,0.115753804915986,0.1054539197890687,"
"Alejandro Marqués,ve VEN,FW,Estoril,Primeira Liga,23.0,1692,0.5851,0.0,0.5851,1.9149,0.7979,41.67,0.3056,0.4189,4.773059229066951,0.1383,7.76572124095781,2,True,3.443031106577624,-2.513101101178989,3,Elite Attacker,0.5826525854461304,0.1544860930376856,0.173218385663717,0.1140807439013121,"
"Alex Matos,eng ENG,FW,Oxford United,EFL Championship,19.0,933,0.0,0.0,0.0,0.1929,0.0,0.0,0.0,-0.409,9.288613943824668,-0.3509,10.284489137826336,1,True,-3.98961989281607,0.3032279821361091,1,Low Volume Player,-0.7464376197022791,-0.6439224259492282,0.0971948219128399,0.0886172149918542,"
"Alex Robertson,au AUS,MF,Cardiff City,EFL Championship,21.0,2409,0.1121,0.1121,0.2242,0.6725,0.2615,38.89,0.1667,0.0407,5.955544746148631,-0.0799,7.571354314168351,0,False,-0.4155039936418428,-0.811579321955543,0,Active Forward,-0.0280114150504497,-0.2109977960777742,0.1437701914797848,0.1166676773992426,"
"Alonzo Engwanda,be BEL,MF,Utrecht,Eredivisie,21.0,1270,0.0,0.0,0.0,0.3543,0.0,0.0,0.0,-0.4122,9.236035482015565,-0.3509,10.222511411929991,1,True,-3.913046407324701,0.3415637059473871,1,Low Volume Player,-0.7520869744924876,-0.6441856754299531,0.0976940732334283,0.089106614668884,"
"Amadou Dante,ml MLI,MF,Arouca,Primeira Liga,23.0,1059,0.0,0.0,0.0,0.5099,0.17,33.33,0.0,-0.492,8.336584421505794,-0.4077,9.353517677163053,0,False,-2.660841548155008,-0.5929013622578311,1,Low Volume Player,-0.8913673461435474,-0.7439060126816348,0.1071055489731994,0.0965855307520958,"
"Amine El Ouazzani,ma MAR,FW,Braga,Primeira Liga,23.0,1604,0.3928,0.0561,0.4489,2.1322,1.1783,55.26,0.1842,0.4209,4.561201915358024,0.2508,6.6656685603913655,0,False,3.061699845632069,-1.5144715521179244,3,Elite Attacker,0.5815669909123011,0.3309876541495089,0.1798172436858231,0.1304517658338395,"
"Amine Lachkar,nl NED,MF,Willem II,Eredivisie,21.0,1741,0.0,0.0,0.0,0.6203,0.2068,33.33,0.0,-0.5,8.27794889809229,-0.4094,9.282699240131812,0,False,-2.566342006060363,-0.5644964090369734,1,Low Volume Player,-0.9052461016844592,-0.7472017388240091,0.1077824431869437,0.0972507292732196,"
"Andre Brooks,jm JAM,MF,Sheffield United,EFL Championship,20.0,951,0.2839,0.1893,0.4732,1.9874,0.8517,42.86,0.1429,0.6479,3.61768558739744,0.5567,5.285465310642631,0,False,2.098794379271444,0.2863751105100886,2,Creative Playmaker,0.93540659433702,0.8217150484428688,0.2165587026386539,0.1590972108790079,0.8"
"Andrew Moran,ie IRL,MF,Stoke City,EFL Championship,20.0,2357,0.1527,0.1146,0.2673,1.0692,0.3055,28.57,0.1429,0.0756,5.698658778472481,-0.0605,7.269605078209464,0,False,-0.3833678788610754,-0.2268449958467359,0,Active Forward,0.0264005513093119,-0.1815179805814772,0.1492836152833618,0.120924758866057,"
"André Inácio,br BRA,MF,Rio Ave,Primeira Liga,22.0,1178,0.0764,0.0764,0.1528,2.0628,0.5348,25.93,0.037,-0.3544,6.647014734015217,-0.1634,7.565897538706345,0,False,-0.8108384981885138,0.4640867700221007,1,Low Volume Player,-0.6778233613742084,-0.3502380520154702,0.1307699847303589,0.1167419987784518,"
"André Lacximicant,pt POR,FW,Estoril,Primeira Liga,23.0,993,0.4532,0.2719,0.7251,2.9909,1.3595,45.45,0.1515,0.6671,2.337755294357837,0.5856,3.939496675531023,0,False,4.502883851925364,1.1770176340793652,3,Elite Attacker,0.9120310247474958,0.8409569246815323,0.2996025507593101,0.2024497769081896,1.8"
"Anis Ben Slimane,tn TUN,MF,Norwich City,EFL Championship,23.0,2091,0.0861,0.0861,0.1722,0.8178,0.2582,31.58,0.1053,-0.2839,6.504718103791681,-0.3033,7.859776009381393,0,False,-1.1195183490117526,-0.3858852713319931,1,Low Volume Player,-0.5619589001905219,-0.5808028732308128,0.133249508665057,0.1128696706261112,"
"Anis Hadj Moussa,dz ALG,FW,Feyenoord,Eredivisie,22.0,1969,0.3657,0.1371,0.5028,2.4225,0.9142,37.74,0.1509,0.5988,3.7007780433234334,0.4533,5.642297573423637,0,False,2.443093343200783,0.0164983844653595,2,Creative Playmaker,0.8562194324348691,0.6550726334873496,0.2127307417588692,0.1505503162040014,2.5"
"Anis Mehmeti,al ALB,FW,Bristol City,EFL Championship,23.0,2558,0.4222,0.0352,0.4574,3.0258,1.1259,37.21,0.1395,0.3866,4.758458882631589,0.2447,6.651401392949205,0,False,2.725215392727093,-0.6624751765704905,3,Elite Attacker,0.528592064960239,0.3207756988458776,0.1736575740804811,0.1306950124092958,"
"Anouar El Azzouzi,nl NED,MF,Zwolle,Eredivisie,23.0,2876,0.0313,0.0,0.0313,1.1266,0.1565,13.89,0.0278,-0.4785,8.198092682933433,-0.4122,9.282107121669489,0,False,-2.661412282927869,-0.0613192248703542,1,Low Volume Player,-0.870028941283016,-0.7518639001922027,0.108718191311058,0.0972563296770664,"
"Ante Crnac,hr CRO,FW,Norwich City,EFL Championship,20.0,2495,0.2525,0.1443,0.3968,1.1904,0.5772,48.48,0.2121,0.4586,4.428451889357521,0.2676,6.490955204091168,0,False,1.5543720278479434,-0.9615594962881656,0,Active Forward,0.6415829284784603,0.3570035131273952,0.1842145827911821,0.1334943238552344,"
"Anthony Musaba,nl NED,FW,Sheffield Weds,EFL Championship,23.0,1328,0.2033,0.4066,0.6099,2.1687,0.6777,31.25,0.0938,0.5846,3.3030803303204745,0.6701,3.417141485085636,1,True,1.97207835194449,2.969920808550111,2,Creative Playmaker,0.8194090801070533,0.9658847989459964,0.2323916643976582,0.2263907559620796,2.0"
"Anton Gaaei,dk DEN,MF,Ajax,Eredivisie,21.0,1781,0.1516,0.2021,0.3537,0.9601,0.4043,42.11,0.1579,0.4061,4.783591408445653,0.3366,6.273901594313943,0,False,0.5411407341598983,0.0505777363857754,0,Active Forward,0.56150802226168,0.4692945533213002,0.1729029472136848,0.1374778015668656,"
"Antoni Milambo,nl NED,MF,Feyenoord,Eredivisie,19.0,1978,0.1365,0.2275,0.364,1.547,0.364,23.53,0.0882,0.3232,5.102066140033388,0.4199,6.062034600202626,0,False,-0.0827183530802347,1.4353350326880772,2,Creative Playmaker,0.4293438286800615,0.6053788979641093,0.1638789185583177,0.1416022515623624,"
"Arvin Appiah,eng ENG,FW,Nacional,Primeira Liga,23.0,1384,0.0,0.0,0.0,0.9754,0.2601,26.67,0.0,-0.5295,8.222381137474374,-0.4208,9.189349252888574,0,False,-2.533444746448467,-0.2808670245387601,1,Low Volume Player,-0.9548080042888996,-0.7666795806300009,0.1084318664663059,0.0981416943497653,"
"Babatunde Akinsola,ng NGA,MF,AVS Futebol,Primeira Liga,21.0,1170,0.1538,0.0769,0.2308,2.0769,0.4615,22.22,0.0741,-0.177,6.137572843177853,-0.1202,7.354039121267069,0,False,-0.4199598140985838,0.3288169485745368,0,Active Forward,-0.3883523215994804,-0.2800825060299607,0.1401036489534124,0.1197025756623855,"
"Bae Junho,kr KOR,MF,Stoke City,EFL Championship,20.0,3260,0.0828,0.138,0.2209,1.1043,0.3865,35.0,0.075,-0.1258,6.020270490115674,0.0077,7.1075919460281085,0,False,-0.6686039447249638,0.2660948909815381,0,Active Forward,-0.3046690097167357,-0.0693796334182226,0.142444653864544,0.1233411852319353,"
"Bali Mumba,eng ENG,MF,Plymouth Argyle,EFL Championship,22.0,3396,0.0,0.053,0.053,0.583,0.0795,13.64,0.0,-0.4217,8.301479805664249,-0.3189,9.200386286034524,0,False,-3.071915888902554,0.4818441045036848,1,Low Volume Player,-0.7745707447394481,-0.5967936554063655,0.1075097748845337,0.0980355029661094,"
"Basar Onal,tr TUR,MF,NEC Nijmegen,Eredivisie,20.0,1386,0.0649,0.1299,0.1948,1.8182,0.7143,39.29,0.0357,-0.0808,6.085497462060609,0.1562,6.84419772899149,0,False,-0.1503428601264063,0.519183673156482,0,Active Forward,-0.2288018198024519,0.1753868445924619,0.1411333509544691,0.1274827629987047,"
"Ben Gannon-Doak,sct SCO,MF,Middlesbrough,EFL Championship,18.0,1778,0.1519,0.3543,0.5062,1.4173,0.7087,50.0,0.1071,0.5361,3.769099644732973,0.5998,4.304043653366879,1,True,1.775068851058213,1.6738681282873484,2,Creative Playmaker,0.7536995844436807,0.8739986773377232,0.2096831843520835,0.1885354015450502,0.8"
"Borja Sainz,es ESP,FW,Norwich City,EFL Championship,23.0,3607,0.4491,0.0998,0.5489,2.9692,1.2725,42.86,0.1513,0.5078,3.94670155833468,0.379,5.872301525527037,0,False,3.5187176823021824,-0.3238825547110603,3,Elite Attacker,0.7115501498405877,0.5346770615628554,0.2021549083176654,0.1455116595634691,"
"Brandon Aguilera,cr CRC,MF,Rio Ave,Primeira Liga,21.0,1378,0.1959,0.0653,0.2612,1.5675,0.4572,29.17,0.125,-0.0067,5.722813258951074,-0.2561,7.338483998879896,0,False,-0.0486142197120134,-0.4448318803388758,0,Active Forward,-0.1103984985669872,-0.5067827555392823,0.1487472523007466,0.1199258762305389,"
"Brenden Aaronson,us USA,MF,Leeds United,EFL Championship,23.0,3551,0.2281,0.0507,0.2788,2.1797,0.7097,32.56,0.1047,0.1509,5.541057695697671,0.0313,7.063922184243435,0,False,0.6269240141371607,-0.3798501961724883,0,Active Forward,0.1496592412555035,-0.0305112797331241,0.1528804738502371,0.124009133167723,"
"Brian Brobbey,nl NED,FW,Ajax,Eredivisie,22.0,1555,0.2315,0.1736,0.4051,2.373,0.6945,29.27,0.0976,0.5454,4.47561000322094,0.5622,5.706376369750908,0,False,1.1403030937415408,0.9297664081625534,2,Creative Playmaker,0.7872938562597903,0.8375866206398599,0.1826280541184938,0.1491118220728704,18.0"
"Brynjolfur Darri Willumsson,is ISL,FW,Groningen,Eredivisie,23.0,960,0.375,0.0938,0.4688,2.25,0.6562,29.17,0.1667,0.5072,4.296605497031209,0.2906,6.40847129888643,0,False,1.743119914354457,-0.2881629661088111,2,Creative Playmaker,0.7194766858526583,0.3943166912930288,0.1888001665520508,0.1349806133622074,"
"Camiel Neghli,nl NED,MF,Sparta Rotterdam,Eredivisie,22.0,1382,0.3256,0.1302,0.4559,2.1491,1.1071,51.52,0.1515,0.5146,4.03189545473231,0.4005,5.811705532122872,0,False,2.710470342528732,-0.5104821175392238,2,Creative Playmaker,0.7251218271122438,0.5697058175866685,0.1987322687834337,0.1468061112278219,"
"Chris Lokesa,be BEL,MF,RKC Waalwijk,Eredivisie,19.0,1012,0.2668,0.0889,0.3557,2.4012,0.7115,29.63,0.1111,0.3901,4.990683796251282,0.2852,6.538744846054395,0,False,1.0471014178088538,0.0649617778704102,2,Creative Playmaker,0.5389170630797335,0.3868954836879665,0.1669258525422019,0.1326480760949718,"
"Chris Rigg,eng ENG,FW,Sunderland,EFL Championship,17.0,3055,0.1178,0.0295,0.1473,1.4141,0.4124,29.17,0.0833,-0.5221,6.685439101712392,-0.5358,8.043449210737547,0,False,-0.9356153059823624,-0.5309601135323528,0,Active Forward,-0.9568602997419235,-0.9666996352042708,0.1301161829227415,0.1105772782814627,"
"Christian Saydee,lr LBR,FW,Portsmouth,EFL Championship,22.0,1152,0.2344,0.0,0.2344,1.5625,0.625,40.0,0.15,0.0208,5.915950184295546,-0.2153,7.776710737646733,0,False,0.4848298251240459,-1.5175271047202756,0,Active Forward,-0.0616965317763782,-0.4348484636894005,0.1445932913557935,0.1139379010989402,"
"Cian Ashford,wls WAL,FW,Cardiff City,EFL Championship,19.0,1522,0.1183,0.1774,0.2957,1.2418,0.2365,19.05,0.0952,0.0734,5.81832880149549,0.1269,6.942851477050275,0,False,-0.7888042548266992,0.9831608111164876,1,Low Volume Player,0.0244823300230684,0.1275884596310255,0.1466635049604334,0.1258993703822054,"
"Cisse Sandra,be BEL,FW,Willem II,Eredivisie,20.0,1873,0.1922,0.0961,0.2883,1.874,0.5766,30.77,0.1026,0.343,5.4037761102869055,0.2366,6.8234482314484985,0,False,0.2897012121501218,0.0193760390069148,0,Active Forward,0.4675893740184901,0.3090918279435072,0.1561578641691764,0.1278208751967227,"
"Cédric Teguia,es ESP,MF,Moreirense,Primeira Liga,22.0,906,0.1987,0.0993,0.298,1.4901,0.596,40.0,0.1333,0.3691,5.179459659579675,0.1856,6.798811409272361,0,False,0.6018883091515577,-0.5199576912556125,0,Active Forward,0.507312561050993,0.2238473723360274,0.1618264468236725,0.128224667519342,"
"Daan Rots,nl NED,MF,Twente,Eredivisie,23.0,2173,0.1243,0.2485,0.3728,1.9466,0.7041,36.17,0.0638,0.4415,4.672228754810712,0.6095,5.2859007979640005,0,False,0.7811941015845844,1.5336288018706326,2,Creative Playmaker,0.618221701276798,0.909790952431744,0.1762975442680945,0.1590861886213507,2.5"
"Dan Neil,eng ENG,MF,Sunderland,EFL Championship,22.0,3877,0.0464,0.0696,0.1161,0.5571,0.1161,20.83,0.0833,-0.3589,7.329400778376113,-0.338,8.566407206168494,0,False,-2.1070879452715925,-0.1425856101268229,1,Low Volume Player,-0.6782457948635985,-0.632996552192332,0.120056655527501,0.1045324517813952,"
"Danilo Veiga,pt POR,MF,Estrela,Primeira Liga,21.0,1280,0.0,0.1406,0.1406,0.1406,0.0,0.0,0.0,-0.2492,8.379310146555975,-0.1498,9.101185176888656,1,True,-3.380353014010348,1.5719018721353064,1,Low Volume Player,-0.4863595023651501,-0.3157305191416979,0.1066176493126409,0.0989982841110549,"
"Danny Loader,cm CMR,FW,Porto,Primeira Liga,23.0,1071,0.2521,0.084,0.3361,2.521,1.0924,43.33,0.1,0.3356,5.015170170211164,0.2995,6.3758401341390245,0,False,1.7928543481290968,-0.2576332464561252,2,Creative Playmaker,0.4484981091219142,0.4087927676935247,0.1662463357981599,0.1355777757941779,"
"Darko Gyabi,eng ENG,MF,Plymouth Argyle,EFL Championship,20.0,2841,0.0317,0.0634,0.095,1.0454,0.2851,27.27,0.0303,-0.4775,7.319813658901934,-0.3475,8.310455326564599,0,False,-1.8576709267565008,0.0937409236774846,1,Low Volume Player,-0.8758948094459345,-0.6507098008303207,0.1201949996716611,0.1074061326675183,"
"Dave Kwakman,nl NED,MF,Groningen,Eredivisie,19.0,1029,0.1749,0.0,0.1749,1.312,0.4373,33.33,0.1333,-0.2684,6.443566683697849,-0.4667,8.151896154709002,0,False,-0.4291710160766268,-1.280566854422103,0,Active Forward,-0.5368899842135777,-0.8506382666248553,0.1343441984862041,0.1092669740888025,"
"Demir Ege Tıknaz,tr TUR,MF,Rio Ave,Primeira Liga,19.0,1976,0.1822,0.0911,0.2733,0.501,0.2733,54.55,0.3636,0.2198,6.239935204143894,0.0173,8.540594180563742,1,True,1.2157610566809711,-2.828883042285629,0,Active Forward,0.2741745913468022,-0.0410273668158258,0.1381227831193342,0.1048152747170838,"
"Denilho Cleonise,nl NED,MF,RKC Waalwijk,Eredivisie,22.0,1102,0.0817,0.1633,0.245,1.3067,0.3267,25.0,0.0625,-0.0766,6.046002194505567,0.0899,6.990667471676099,0,False,-0.8899341731144338,0.9196920017948156,1,Low Volume Player,-0.222207149361576,0.0664503914219312,0.1419244519650865,0.1251459910632776,"
"Diogo Travassos,pt POR,MF,Estrela,Primeira Liga,20.0,1726,0.0521,0.0,0.0521,0.8343,0.2086,25.0,0.0625,-0.5067,7.722581182777361,-0.4882,8.994578673660447,0,False,-2.1351926366222864,-0.688103521900241,1,Low Volume Player,-0.9209933436376024,-0.8803974503443079,0.1146449633480613,0.1000542426701171,"
"Dirk Proper,nl NED,MF,NEC Nijmegen,Eredivisie,22.0,2159,0.0,0.0417,0.0417,0.7087,0.1667,23.53,0.0,-0.4742,8.070238015392457,-0.3571,8.987494673147976,0,False,-2.6715075970112885,0.1226689196056365,1,Low Volume Player,-0.8637527738379576,-0.6618977234695751,0.1102506900373475,0.100125209847527,"
"Djeidi Gassama,mr MTN,MF,Sheffield Weds,EFL Championship,20.0,2975,0.2118,0.0303,0.242,2.1479,0.6958,32.39,0.0986,-0.0248,5.860717868540207,-0.1276,7.35551168696382,0,False,0.3860734737616887,-0.5284819937672733,0,Active Forward,-0.1385011421367388,-0.292372514218068,0.1457573418935496,0.1196814794191706,"
"Djibril Soumaré,sn SEN,MF,Nacional,Primeira Liga,21.0,1882,0.0478,0.0478,0.0956,1.1477,0.3348,29.17,0.0417,-0.5135,7.21164733776883,-0.4036,8.288330265215372,0,False,-1.6283820974233585,-0.1534281738961274,1,Low Volume Player,-0.9369356666321472,-0.744408467201155,0.1217782448353058,0.1076619770665328,"
"Dylan Mbayo,be BEL,FW,Zwolle,Eredivisie,22.0,2104,0.1711,0.2994,0.4705,1.2833,0.5561,43.33,0.1333,0.5582,3.847598958090239,0.5705,4.934549350435842,0,False,1.319407652874324,1.1531213751412348,2,Creative Playmaker,0.7927363128708866,0.8385224065740685,0.2062876918337238,0.1685047913413271,1.2"
"Edouard Michut,fr FRA,MF,Fortuna Sittard,Eredivisie,21.0,1028,0.0875,0.0,0.0875,1.1381,0.3502,30.77,0.0769,-0.5217,7.218998214513644,-0.5322,8.573837530430923,0,False,-1.4083798562813934,-0.8736761104049905,1,Low Volume Player,-0.9506641123187134,-0.9565586100984758,0.1216693292662036,0.1044513233926782,"
"Eliezer Mayenda,es ESP,FW,Sunderland,EFL Championship,19.0,2155,0.3341,0.2088,0.5429,2.297,1.1276,49.09,0.1455,0.6204,3.190711069242563,0.5428,4.827782676320407,0,False,3.0997702547292736,0.3540895314817084,2,Creative Playmaker,0.8749562716675587,0.7902306831376775,0.2386229886711664,0.1715918481420429,1.5"
"Ellis Simms,eng ENG,FW,Coventry City,EFL Championship,23.0,2286,0.2362,0.0787,0.315,2.4409,1.1024,45.16,0.0968,0.296,5.166894264647369,0.2691,6.491485003685793,0,False,1.7004406998337047,-0.3569327646112551,2,Creative Playmaker,0.3852731853158262,0.3594940493218884,0.1621561773375372,0.1334848831050188,"
"Emilio Kehrer,de GER,FW,Willem II,Eredivisie,22.0,979,0.0919,0.2758,0.3677,1.9305,0.8274,42.86,0.0476,0.3884,4.769268460739076,0.568,5.067200211624807,0,False,0.9912005499298596,1.6972632542467196,2,Creative Playmaker,0.5316959572937509,0.8368169969031864,0.1733322009203042,0.1648206693565166,1.8"
"Enric Llansana,nl NED,MF,Go Ahead Eagles,Eredivisie,23.0,2719,0.1324,0.0993,0.2317,1.3571,0.2648,19.51,0.0976,-0.1716,6.257692447509775,-0.1766,7.576300601091998,0,False,-0.957216495484303,0.2712064031381483,1,Low Volume Player,-0.3778163543041575,-0.3720010184498643,0.1377848410128091,0.1166003906011261,"
"Eom Jisung,kr KOR,MF,Swansea City,EFL Championship,22.0,2287,0.1181,0.0787,0.1968,2.2431,0.5116,22.81,0.0526,-0.2327,6.379087002619711,-0.0975,7.407209354962178,0,False,-0.5455068653630302,0.5142126505257117,0,Active Forward,-0.4781325863695407,-0.2418573764148817,0.1355181202830352,0.1189455332654195,"
"Ernest Poku,nl NED,FW,AZ Alkmaar,Eredivisie,20.0,1536,0.1172,0.1758,0.293,1.9922,0.9961,50.0,0.0588,0.2789,5.2342687818398215,0.4011,5.952024177514703,0,False,1.1567292674035607,0.5256182748587954,2,Creative Playmaker,0.3578486010378452,0.5726084542373088,0.1604037353848073,0.1438429980198217,"
"Espen van Ee,nl NED,MF,Heerenveen,Eredivisie,21.0,2236,0.0403,0.0805,0.1208,1.4088,0.3623,25.71,0.0286,-0.4512,7.0414031062276266,-0.2755,7.957053060352574,0,False,-1.5306055635844626,0.398136050625326,1,Low Volume Player,-0.8349109474776979,-0.5335950526610085,0.1243564073072713,0.1116438624692748,"
"Ethan Ampadu,wls WAL,MF,Leeds United,EFL Championship,23.0,2285,0.0,0.0,0.0,0.4333,0.0788,18.18,0.0,-0.4838,8.645951033177006,-0.4075,9.662033954283244,0,False,-3.2487532722457786,-0.1703654826652415,1,Low Volume Player,-0.8754815059242351,-0.7416361641158589,0.1036704412618854,0.0937907348905291,"
"Ezequiel Bullaude,ar ARG,FW,Fortuna Sittard,Eredivisie,23.0,2058,0.2624,0.0437,0.3061,1.7055,0.6122,35.9,0.1538,0.2582,5.319249875287863,-0.0185,7.215431723717459,0,False,0.7743703479534053,-0.9903815391821108,0,Active Forward,0.3248207708664183,-0.111907458309542,0.158246630491795,0.1217221484676283,"
"Fabrício Garcia,cv CPV,FW,Estoril,Primeira Liga,23.0,1269,0.0,0.0,0.0,1.4184,0.3546,25.0,0.0,-0.5316,8.104378745140497,-0.4026,9.019407622048991,0,False,-2.264397187346004,-0.1208621266469894,1,Low Volume Player,-0.9591858480218068,-0.7374754788986879,0.1098372583119693,0.0998062997057203,"
"Facundo Cáseres,ar ARG,MF,Gil Vicente FC,Primeira Liga,23.0,1404,0.0,0.0,0.0,0.5769,0.0641,11.11,0.0,-0.4647,8.7810431622448,-0.3888,9.775339836267149,0,False,-3.406134893896009,0.0710688260777282,1,Low Volume Player,-0.84269644826733,-0.7098724141785748,0.1022385836983153,0.0928044976024093,"
"Femi Azeez,eng ENG,MF,Millwall,EFL Championship,23.0,1906,0.0944,0.2361,0.3305,2.4554,0.8972,36.54,0.0385,0.3227,5.061775016177293,0.5275,5.377625237267929,0,False,0.9219879107548256,1.7118108934383938,2,Creative Playmaker,0.4279002768613822,0.7745557047249234,0.1649681813216857,0.156798175307708,"
"Filip Krastev,bg BUL,FW,Zwolle,Eredivisie,22.0,2174,0.2484,0.1656,0.414,1.9043,0.7452,39.13,0.1304,0.6467,4.149515410225009,0.5599,5.713551461284874,0,False,1.4791247784347277,0.2376296362521713,2,Creative Playmaker,0.948363945970888,0.8338357062910605,0.1941930298944973,0.1489524591815097,1.3"
"Finn Azaz,ie IRL,MF,Middlesbrough,EFL Championship,23.0,3544,0.3047,0.2793,0.5841,3.1236,1.0158,32.52,0.0976,0.5982,3.26990715900168,0.6236,4.062336893760929,0,False,2.8067388735250884,1.996233248089056,2,Creative Playmaker,0.8408765708923516,0.9076289887719468,0.2341971295305174,0.1975372285539606,2.8"
"Florian Bianchini,fr FRA,FW,Swansea City,EFL Championship,23.0,1103,0.2448,0.0,0.2448,1.4687,0.7344,50.0,0.1667,0.1148,5.845839239134794,-0.0829,7.766852174223707,0,False,0.9961560324745978,-1.9400598569917136,0,Active Forward,0.0938763364966684,-0.2142857360197811,0.1460741283966206,0.1140660273638694,"
"Freddie Potts,eng ENG,MF,Portsmouth,EFL Championship,20.0,3057,0.0294,0.1178,0.1472,0.6183,0.1178,19.05,0.0476,-0.3021,7.244669963067212,-0.2059,8.221815876951572,0,False,-2.1745974771912477,0.6036373525150229,1,Low Volume Player,-0.5842807668616903,-0.4154461104920837,0.1212904827579024,0.1084385129071311,"
"Félix Correia,pt POR,FW,Gil Vicente FC,Primeira Liga,23.0,2892,0.2801,0.0934,0.3734,1.4627,0.529,36.17,0.1915,0.433,4.745126037609057,0.1645,6.837694789146718,0,False,1.0723952223059128,-0.8617557513417327,0,Active Forward,0.6056262862234095,0.1891908255993373,0.1740605851731964,0.1275885355200045,"
"Gabri Martínez,es ESP,MF,Braga,Primeira Liga,21.0,1542,0.2335,0.1167,0.3502,2.1012,1.1673,55.56,0.1111,0.3604,4.8888732867355005,0.3289,6.198696305437223,0,False,2.149044167867193,-0.4902835033485654,2,Creative Playmaker,0.4874700512419427,0.4555240297203629,0.1698117706578044,0.1389140418723725,"
"Gabriel Vieira,br BRA,FW,Santa Clara,Primeira Liga,22.0,2787,0.1938,0.0969,0.2906,2.8095,0.8396,29.89,0.069,0.1882,5.500748044576707,0.2545,6.571994248270849,0,False,0.8532492415462051,0.5166329480986477,2,Creative Playmaker,0.2110396662684101,0.3361551878061712,0.1538284506864185,0.1320656048079224,"
"Geny Catamo,mz MOZ,MF,Sporting CP,Primeira Liga,23.0,1911,0.2355,0.0942,0.3297,2.9199,0.8477,29.03,0.0806,0.2638,5.278688879146972,0.2791,6.476808595701744,0,False,1.1457682105271378,0.46695725418627,2,Creative Playmaker,0.3334908458420283,0.3759602222251343,0.1592689205100191,0.1337469038026302,"
"George Earthy,eng ENG,FW,Bristol City,EFL Championship,19.0,1457,0.1853,0.0618,0.2471,1.4825,0.4324,29.17,0.125,-0.0966,5.842819880054298,-0.3278,7.44969440477677,0,False,-0.1866505581607587,-0.4986176304532926,0,Active Forward,-0.2583777361629111,-0.6252945134707584,0.1461385828545387,0.1183474753163476,"
"Geovany Quenda,pt POR,MF,Sporting CP,Primeira Liga,17.0,2253,0.0799,0.1598,0.2397,1.7577,0.5193,29.55,0.0455,-0.0331,5.887360047698693,0.2372,6.682841924568802,0,False,-0.4304830874716922,0.986829816367869,0,Active Forward,-0.1519953861281429,0.3085794213049937,0.1451935129098027,0.1301601685701902,"
"Gjivai Zechiël,nl NED,MF,Sparta Rotterdam,Eredivisie,20.0,1025,0.1756,0.0878,0.2634,1.2293,0.3512,28.57,0.1429,0.0431,5.726425316081258,-0.1556,7.374761089424354,0,False,-0.2603014352845764,-0.429791940206272,0,Active Forward,-0.0273504072861361,-0.3389086681572399,0.1486673757618688,0.1194063913372764,"
"Gonçalo Franco,pt POR,MF,Swansea City,EFL Championship,23.0,3141,0.0573,0.0573,0.1146,1.2321,0.4011,32.56,0.0465,-0.5021,6.953476933077422,-0.378,8.032529492235946,0,False,-1.2977331915479595,-0.1748399888063781,1,Low Volume Player,-0.9206800148356472,-0.7037317328328769,0.1257311749835014,0.1107109587474434,"
"Gustavo Puerta,co COL,MF,Hull City,EFL Championship,21.0,1889,0.0,0.0,0.0,1.0482,0.1906,18.18,0.0,-0.5093,8.401461234837697,-0.4075,9.36070458789821,0,False,-2.829055532413656,-0.0176831670360127,1,Low Volume Player,-0.9197842619478624,-0.7435898331770494,0.1063664440049423,0.0965185322596734,"
"Gustavo sá,pt POR,MF,Famalicão,Primeira Liga,19.0,2520,0.1429,0.2143,0.3571,1.2857,0.4643,36.11,0.1111,0.4566,4.788139546745957,0.4976,5.961415286381087,0,False,0.3657027446588395,0.7342647494214831,2,Creative Playmaker,0.6457478753084909,0.7335499043422135,0.1727670855071542,0.1436489505167638,"
"Hannibal Mejbri,tn TUN,MF,Burnley,EFL Championship,21.0,1924,0.0468,0.1871,0.2339,1.5437,0.3274,21.21,0.0303,-0.0843,6.315886794518552,0.1286,6.960622641180943,0,False,-1.1173616327399745,1.5206173908702747,1,Low Volume Player,-0.2315441937558071,0.1305378870310986,0.1366888291313163,0.125618314681432,"
"Harrison Armstrong,eng ENG,MF,Derby County,EFL Championship,17.0,1105,0.0814,0.0,0.0814,0.733,0.2443,33.33,0.1111,-0.4154,7.278789859168043,-0.4864,8.782062348496764,0,False,-1.507244893914416,-1.2820705987159169,1,Low Volume Player,-0.7728759328853887,-0.8787881162860933,0.1207906006809179,0.1022279315316031,"
"Harrison Ashby,sct SCO,MF,QPR,EFL Championship,22.0,1583,0.0,0.0569,0.0569,0.7391,0.2274,30.77,0.0,-0.4576,7.798954346202324,-0.3225,8.681522511858633,0,False,-2.305354933424303,0.0587822223933651,1,Low Volume Player,-0.8384856992163277,-0.6063008022368424,0.1136498680018274,0.1032895393028449,"
"Hayden Hackney,eng ENG,MF,Middlesbrough,EFL Championship,22.0,3792,0.1187,0.0712,0.1899,1.875,0.5696,30.38,0.0633,-0.3934,6.233994637721282,-0.237,7.3719917216811295,0,False,-0.4079864743111597,0.0669000669435878,0,Active Forward,-0.7477852957644704,-0.4746316119559273,0.1382362097402661,0.119445889728997,"
"Haydon Roberts,eng ENG,MF,Bristol City,EFL Championship,22.0,1635,0.055,0.055,0.1101,0.3853,0.1101,28.57,0.1429,-0.2743,7.139376904162927,-0.3454,8.645942385979872,0,False,-1.6935175439655992,-0.9459814072315584,1,Low Volume Player,-0.5391440307076012,-0.6447423149713196,0.1228595274275288,0.1036705341982421,"
"Henrique Araújo,pt POR,FW,Arouca,Primeira Liga,22.0,1107,0.4878,0.1626,0.6504,2.1138,0.9756,46.15,0.2308,0.6315,2.8342013666389447,0.4189,5.57813792858603,0,False,3.743529461207696,-0.6039961290117424,3,Elite Attacker,0.8787041875627658,0.596817502301737,0.2608105063810455,0.1520187035991429,1.8"
"Idris El Mizouni,tn TUN,MF,Oxford United,EFL Championship,23.0,1244,0.0723,0.1447,0.217,1.3023,0.4341,33.33,0.0556,-0.1534,6.069503766272884,0.0648,7.00773207776255,0,False,-0.6888296312941483,0.5565079475558478,0,Active Forward,-0.3499581143331571,0.024723359387649,0.1414526440696997,0.124879302939842,"
"Ilias Sebaoui,be BEL,MF,Heerenveen,Eredivisie,22.0,1929,0.14,0.0,0.14,3.126,0.6998,22.39,0.0448,-0.1925,7.018287238861267,-0.1298,8.058647549843228,0,False,-0.2066426749855534,0.0833903093392741,0,Active Forward,-0.403929946264997,-0.2899744892416576,0.1247149135732405,0.1103917548947255,"
"Isaac,br BRA,FW,Nacional,Primeira Liga,20.0,1233,0.219,0.073,0.292,1.8978,0.7299,38.46,0.1154,0.3054,5.2776996552245405,0.1616,6.835790248019409,0,False,0.7981802282104373,-0.4884403384937855,0,Active Forward,0.4027566808511488,0.1842763124629228,0.1592940177008567,0.1276195467652751,"
"Isaac Price,nir NIR,MF,West Brom,EFL Championship,20.0,1049,0.0858,0.0858,0.1716,1.3727,0.3432,25.0,0.0625,-0.4177,6.592687217610475,-0.3011,7.713677768553097,0,False,-1.168537527916731,0.2302859523059846,1,Low Volume Player,-0.7839185081203581,-0.5782761879938438,0.1317056756507235,0.1147621046544678,"
"Ismael Saibari,ma MAR,MF,PSV,Eredivisie,23.0,1782,0.5556,0.5556,1.1111,4.2424,1.8687,44.05,0.131,0.624,4.124352146543421,0.6634,3.057596515541778,5,True,7.332794007039237,4.270920605205341,3,Elite Attacker,0.9098566583921164,0.9412988137590548,0.1951466197877403,0.2464513157406627,7.0"
"Ismaël Gharbi,tn TUN,MF,Braga,Primeira Liga,20.0,1058,0.3403,0.2552,0.5955,2.4669,0.7656,31.03,0.1379,0.6753,2.9112404691011933,0.6099,4.500160042926823,0,False,2.43578736309234,1.3789169694853978,2,Creative Playmaker,0.9551215140393527,0.8952492814162462,0.2556733619167632,0.1818128912968623,2.0"
"Iván Fresneda,es ESP,MF,Sporting CP,Primeira Liga,19.0,961,0.281,0.0,0.281,0.8429,0.5619,66.67,0.3333,0.2055,6.441447091089605,-0.0116,8.84506724824675,2,True,2.0037998377743595,-3.711248717198372,0,Active Forward,0.2528813860551733,-0.0870129168879705,0.1343824645608783,0.1015737094307897,"
"Jacob Trenskow,dk DEN,MF,Heerenveen,Eredivisie,23.0,1742,0.31,0.155,0.465,2.6349,0.8783,33.33,0.1176,0.5715,4.012506319213986,0.5061,5.530072353319727,0,False,2.00667544213057,0.5808578743397097,2,Creative Playmaker,0.8194462804456342,0.7413326354251611,0.1995009953736697,0.1531376600278594,"
"Jakob Breum,dk DEN,MF,Go Ahead Eagles,Eredivisie,20.0,2059,0.4371,0.2186,0.6557,2.5352,0.9616,37.93,0.1724,0.688,2.45000084848513,0.5436,4.682348627602725,0,False,3.391341910639078,0.6398393422077229,3,Elite Attacker,0.9534208644640464,0.7887142720064022,0.2898550011774903,0.1759835704452159,1.2"
"Jan Žambůrek,cz CZE,MF,Heracles Almelo,Eredivisie,23.0,935,0.0,0.0963,0.0963,0.0963,0.0,0.0,0.0,-0.3065,8.664386808923338,-0.2208,9.485140935815377,1,True,-3.601155116870124,1.1577342111140492,1,Low Volume Player,-0.5798322687195743,-0.4315660126362415,0.10347267961964,0.0953730623290124,"
"Jandro Orellana,es ESP,MF,Estoril,Primeira Liga,23.0,1018,0.0884,0.0884,0.1768,0.7957,0.3536,44.44,0.1111,-0.1281,6.325990176145348,-0.16,7.698440581599106,0,False,-0.5904351290569053,-0.7822401305399173,0,Active Forward,-0.3044963169615164,-0.3433198033175328,0.1365003195412638,0.1149631351296949,"
"Jason Knight,ie IRL,MF,Bristol City,EFL Championship,23.0,4140,0.0652,0.1304,0.1957,1.0652,0.1957,18.37,0.0612,-0.2314,6.7061403730800615,-0.1297,7.719680848074007,0,False,-1.5880944193640163,0.7585318905501586,1,Low Volume Player,-0.472165771967119,-0.2925931541996374,0.1297666473210519,0.1146830964829267,"
"Jasper Dahlhaus,nl NED,MF,Fortuna Sittard,Eredivisie,22.0,1761,0.1022,0.1022,0.2044,0.8177,0.3066,37.5,0.125,-0.0989,6.119133954592538,-0.1618,7.55767536911524,0,False,-0.6376971570681487,-0.5430165111589244,0,Active Forward,-0.2584998577877155,-0.3475757561375487,0.1404665239308922,0.1168541638783135,"
"Jean Gorby,fr FRA,MF,Braga,Primeira Liga,22.0,1217,0.074,0.0,0.074,0.7395,0.2219,30.0,0.1,-0.4502,7.40483683181152,-0.4991,8.854569070487761,0,False,-1.720575075602336,-1.1091873099821852,1,Low Volume Player,-0.8296915672554201,-0.8994556760219843,0.1189791092927698,0.1014757715783612,"
"Jeremy Ngakia,Unknown,MF,Watford,EFL Championship,23.0,1883,0.0478,0.0,0.0478,0.8125,0.1434,17.65,0.0588,-0.4738,7.960981908285761,-0.4518,9.205323058831452,0,False,-2.477201243111639,-0.455876924960408,1,Low Volume Player,-0.8641333051047804,-0.8183707867644618,0.1115949133961928,0.0979880787933139,"
"Jeremy Sarmiento,ec ECU,MF,Burnley,EFL Championship,22.0,1166,0.3087,0.0,0.3087,2.084,0.8491,40.74,0.1481,0.2145,5.451816969493787,0.0066,7.379679200617994,0,False,1.3764412034764135,-1.3877153308446766,0,Active Forward,0.2541205835997189,-0.0685717163822408,0.1549950974629803,0.119336310622279,"
"Jesurun Rak Sakyi,eng ENG,MF,Sheffield United,EFL Championship,21.0,1725,0.3652,0.1043,0.4696,2.4,0.887,36.96,0.1522,0.5455,4.062423243162376,0.3763,6.039763188501085,0,False,2.2344913634336923,-0.275007679944338,2,Creative Playmaker,0.7774208865071744,0.532471888066904,0.197533859175181,0.142050232830761,"
"Jobe Bellingham,eng ENG,MF,Sunderland,EFL Championship,18.0,3507,0.1027,0.077,0.1796,1.3601,0.231,16.98,0.0755,-0.3106,6.785924159808324,-0.2715,7.997645052584728,0,False,-1.4296779726685769,0.2893246920763065,1,Low Volume Player,-0.6032710667174506,-0.5266736595383374,0.128436904788014,0.1111401921453583,"
"Jochem van de Kamp,nl NED,MF,Almere City,Eredivisie,20.0,2001,0.0,0.045,0.045,0.6747,0.1349,20.0,0.0,-0.4592,8.144615799798755,-0.3467,9.057087490914602,0,False,-2.813349492128302,0.2467274000736054,1,Low Volume Player,-0.8382109223634191,-0.6441516810470533,0.1093539654254262,0.0994323655733712,"
"Joe Gelhardt,eng ENG,FW,Hull City,EFL Championship,22.0,1593,0.2825,0.0,0.2825,2.5989,0.6215,23.91,0.1087,0.0381,5.987548749115057,-0.0903,7.6332288821822205,0,False,0.5355044008700451,-0.5184857005423279,0,Active Forward,-0.0318994939555958,-0.2278029141368158,0.1431117028166201,0.1158315172280281,"
"Joel silva,pt POR,FW,Boavista,Primeira Liga,21.0,2397,0.0751,0.0375,0.1126,0.7885,0.2628,33.33,0.0952,-0.4146,7.004185868657132,-0.44,8.382989879677188,0,False,-1.401377917383327,-0.819141608347921,1,Low Volume Player,-0.7743549218932402,-0.8043740243926798,0.1249346300060084,0.1065758370011589,"
"Johan Bakayoko,be BEL,FW,PSV,Eredivisie,21.0,1579,0.513,0.057,0.57,3.4199,1.5389,45.0,0.15,0.4382,4.591134555606198,0.3197,6.417613220911804,1,True,4.223910788215067,-0.6438557010982102,3,Elite Attacker,0.6110340184370322,0.4429488325780717,0.1788545759460047,0.1348142549655717,"
"Johan Hove,no NOR,MF,Groningen,Eredivisie,23.0,1748,0.0,0.0,0.0,1.5961,0.5149,32.26,0.0,-0.5096,7.9100435087235805,-0.3657,8.78823888965411,0,False,-1.7823148796768606,-0.2829403241726462,1,Low Volume Player,-0.92413594335341,-0.6776451796684415,0.1122328975185056,0.1021634240105205,"
"John Mercado,ec ECU,FW,AVS Futebol,Primeira Liga,22.0,2341,0.1153,0.0384,0.1538,1.8454,0.3076,16.67,0.0625,-0.361,6.984013091400118,-0.3172,8.183384759269826,0,False,-1.2954405999832086,0.1546265513059315,1,Low Volume Player,-0.6851084411976514,-0.6012698190785712,0.1252502956285402,0.1088923121717825,"
"Jonathan Varane,mq MTQ,MF,QPR,EFL Championship,22.0,2598,0.0,0.0693,0.0693,0.6928,0.1386,20.0,0.0,-0.428,7.954941202695037,-0.3011,8.816173939477636,0,False,-2.690938689720639,0.4726587556672481,1,Low Volume Player,-0.787775591386366,-0.5697096744130119,0.1116701916143285,0.1018726854440004,"
"Jorg Schreuders,nl NED,MF,Groningen,Eredivisie,19.0,1940,0.232,0.0464,0.2784,0.9278,0.5567,60.0,0.25,0.2135,5.792694907167622,0.0161,7.935287369392726,0,False,1.3894624535418558,-2.5121688588822404,0,Active Forward,0.2577377018021081,-0.0478078480166566,0.1472169755401209,0.1119158185583866,"
"Josh Coburn,eng ENG,FW,Millwall,EFL Championship,21.0,1218,0.3695,0.0,0.3695,2.069,0.8867,42.86,0.1786,0.3075,5.133018479323239,0.0739,7.310664504650631,0,False,1.9334482295858768,-1.6555791895149623,0,Active Forward,0.4037175462031492,0.0429704614865743,0.1630518485100581,0.1203273215325202,"
"Joshua Kitolano,no NOR,MF,Sparta Rotterdam,Eredivisie,22.0,1582,0.0,0.1138,0.1138,1.3085,0.3413,26.09,0.0,-0.3739,7.220345373534618,-0.1575,7.899744888424375,0,False,-1.7863707482550866,0.8570513901811336,1,Low Volume Player,-0.7042571621050688,-0.3374234161693099,0.1216493899659614,0.1123627713532181,"
"Juho Talvitie,fi FIN,MF,Heracles Almelo,Eredivisie,19.0,1508,0.179,0.0,0.179,1.9098,0.5968,31.25,0.0938,-0.3097,6.412943978358566,-0.4032,7.902530929142835,0,False,-0.1997769456573753,-0.8017016280834998,0,Active Forward,-0.6060526961621142,-0.7468966973429232,0.1348991713574811,0.1123276075038902,"
"Junior Kadile,fr FRA,FW,Almere City,Eredivisie,21.0,2207,0.2039,0.0816,0.2855,3.4662,0.8564,24.71,0.0588,0.1274,5.88826256610645,0.1876,6.839711062653299,0,False,0.962738464232175,0.7557846437368934,2,Creative Playmaker,0.1154837742855631,0.2276276060673028,0.1451744892711376,0.1275557213790423,"
"Kaine Kesler-Hayden,eng ENG,MF,Preston North End,EFL Championship,21.0,3670,0.049,0.0736,0.1226,0.9809,0.2698,27.5,0.05,-0.4493,7.060310567084639,-0.3449,8.14021965564362,0,False,-1.6675906868217043,0.0314744598850634,1,Low Volume Player,-0.831588298892231,-0.6477545702093368,0.1240646984600859,0.1094065610756466,"
"Kaio César,br BRA,FW,Vitória Guimarães,Primeira Liga,20.0,1299,0.1386,0.2079,0.3464,2.0785,0.7621,36.67,0.0667,0.4314,4.808313587957454,0.5949,5.580838114397626,0,False,0.8282209663309474,1.1644122350174704,2,Creative Playmaker,0.6042679326989913,0.8902719640309514,0.172167012826809,0.1519563287557841,1.5"
"Karamoko Dembélé,eng ENG,MF,QPR,EFL Championship,21.0,1186,0.2277,0.3035,0.5312,1.6695,0.6071,36.36,0.1364,0.6424,3.307475308161844,0.6332,4.52628189547893,0,False,1.675033022974186,1.4708601802372652,2,Creative Playmaker,0.9158776258521376,0.9347603365284598,0.2321545519031045,0.1809534907761588,2.8"
"Kees Smit,nl NED,MF,AZ Alkmaar,Eredivisie,18.0,989,0.0,0.0,0.0,1.82,0.364,20.0,0.0,-0.4993,8.140351986823363,-0.3658,9.010991154708764,0,False,-2.2106897624905084,0.1223241472791297,1,Low Volume Player,-0.9050816304216158,-0.6761963713132453,0.1094049771214051,0.0998902091257608,"
"Keliano,ao ANG,MF,Estrela,Primeira Liga,21.0,976,0.0,0.0922,0.0922,0.8299,0.0922,11.11,0.0,-0.3626,8.01095154176512,-0.2362,8.80233094311512,0,False,-2.8381346602604083,0.9729210435961244,1,Low Volume Player,-0.6783797623300902,-0.4616654959230217,0.110976071213464,0.1020165515532172,"
"Kellen Fisher,eng ENG,MF,Norwich City,EFL Championship,20.0,2692,0.0,0.1337,0.1337,0.6352,0.1337,21.05,0.0,-0.3122,7.505091861150328,-0.1559,8.227666623575534,0,False,-2.4024500114614087,1.0145558530497525,1,Low Volume Player,-0.598641983516687,-0.3320543453647113,0.1175766254292694,0.1083697581190379,"
"Kenneth Taylor,nl NED,FW,Ajax,Eredivisie,22.0,2447,0.331,0.2207,0.5517,1.7654,0.7724,43.75,0.1875,0.6748,2.97065071476387,0.5277,5.079983892386879,0,False,2.529894858005328,0.1894562380599253,2,Creative Playmaker,0.9568138647450138,0.769834181158759,0.2518478888817267,0.1644741199482718,14.0"
"Kenzo Goudmijn,nl NED,MF,Derby County,EFL Championship,22.0,2321,0.0776,0.0776,0.1551,1.4347,0.3102,21.62,0.0541,-0.409,6.8294622840320205,-0.2972,7.910425723378137,0,False,-1.396985092612183,0.3241634076158933,1,Low Volume Player,-0.7667886428647153,-0.5701570554703184,0.1277226920218357,0.1122280832638912,"
"Kian Fitz-Jim,nl NED,MF,Ajax,Eredivisie,21.0,1233,0.146,0.073,0.219,1.6788,0.6569,39.13,0.087,-0.0977,5.85294005751806,-0.0785,7.15724149353918,0,False,0.1207941608923552,-0.3748320761224772,0,Active Forward,-0.2601962117702645,-0.2126324921994435,0.1459227706074772,0.122590461590727,"
"Kieran Morgan,eng ENG,MF,QPR,EFL Championship,18.0,1586,0.0567,0.1135,0.1702,0.9647,0.1702,17.65,0.0588,-0.2863,6.954955834434647,-0.1962,7.991496267184154,0,False,-1.8175006854257807,0.6162312195852754,1,Low Volume Player,-0.5609847861810746,-0.4011907388682274,0.1257078003715993,0.1112161947561112,"
"Kodai Sano,jp JPN,MF,NEC Nijmegen,Eredivisie,20.0,1970,0.0914,0.0914,0.1827,1.2792,0.2741,21.43,0.0714,-0.3365,6.619250646261058,-0.2626,7.783057332342332,0,False,-1.2998640240500023,0.300196380638573,1,Low Volume Player,-0.6483819365474282,-0.5136456499286215,0.1312465026322139,0.1138555701233607,"
"Koki Saito,jp JPN,MF,QPR,EFL Championship,22.0,2295,0.1176,0.0784,0.1961,1.4902,0.3922,26.32,0.0789,-0.4267,6.318587054790018,-0.36,7.565697833973552,0,False,-0.8088571191221339,0.0451487799082984,0,Active Forward,-0.802321404301253,-0.6777770266212666,0.1366383965256653,0.1167447205566564,"
"Kornelius Hansen,no NOR,FW,Almere City,Eredivisie,23.0,1888,0.0953,0.0953,0.1907,2.2405,0.7627,34.04,0.0426,-0.1201,6.142810401365296,0.0814,7.011850968116401,0,False,-0.0175698164138455,0.4160058006574048,0,Active Forward,-0.2934610425038881,0.0524434262505357,0.1400009161392352,0.1248151025249414,"
"Kristian Nökkvi Hlynsson,is ISL,MF,Sparta Rotterdam,Eredivisie,20.0,1211,0.1486,0.223,0.3716,2.0066,0.8175,40.74,0.0741,0.4781,4.552352120257373,0.6053,5.3307238559875545,0,False,1.1332223799621386,1.1188389259105258,2,Creative Playmaker,0.6768151178441074,0.9035679877643922,0.1801038511861611,0.1579598198797135,3.5"
"Kwadwo Baah,eng ENG,FW,Watford,EFL Championship,21.0,1459,0.2467,0.1851,0.4318,1.5422,0.7402,48.0,0.16,0.5764,3.964545096980716,0.4673,5.67850475836622,0,False,1.789731904019835,-0.131624460301352,2,Creative Playmaker,0.826369112473005,0.6790821172933456,0.2014283243409692,0.1497341150722834,"
"Kyan Vaesen,be BEL,FW,Willem II,Eredivisie,23.0,1896,0.1899,0.0949,0.2848,1.3766,0.6171,44.83,0.1379,0.2777,5.272607698576963,0.1306,6.898856296348576,0,False,0.6733051842755102,-0.7591710016690828,0,Active Forward,0.3565551232400917,0.1333393436446865,0.1594233288695649,0.1266006067818036,"
"Kyle Joseph,sct SCO,FW,Hull City,EFL Championship,22.0,1009,0.0,0.0,0.0,1.2488,0.5352,42.86,0.0,-0.4469,7.912854805088355,-0.3262,8.817877256277487,0,False,-1.6109708345153255,-0.6763772303231085,1,Low Volume Player,-0.8196795379889976,-0.6116170987441918,0.1121974969713519,0.1018550114140616,"
"Leo Sauer,sk SVK,FW,NAC Breda,Eredivisie,18.0,2482,0.2538,0.0725,0.3263,2.3932,0.7615,31.82,0.1061,0.3147,5.185009062894371,0.219,6.700156755210863,0,False,1.0007345449256055,-0.1145029460586764,0,Active Forward,0.4167835672694588,0.278442508108799,0.1616812505577856,0.1298674860512778,"
"Levi Smans,nl NED,MF,Heerenveen,Eredivisie,20.0,2298,0.1175,0.0783,0.1958,1.8016,0.7833,43.48,0.0652,-0.0614,6.018107866688228,0.0339,7.115486737393262,0,False,0.2238585794105732,-0.2717615540456189,0,Active Forward,-0.1972652084444666,-0.0256959366656099,0.1424885480524667,0.1232211982298433,"
"Lewis Koumas,wls WAL,MF,Stoke City,EFL Championship,18.0,2441,0.1106,0.0737,0.1844,1.6592,0.5531,33.33,0.0667,-0.4559,6.236569076474708,-0.2997,7.398159506563432,0,False,-0.4547149783283725,-0.0723987130455338,0,Active Forward,-0.8519977127084499,-0.5788508858757053,0.1381870316488638,0.119073708854716,"
"Liam Thompson,eng ENG,MF,Derby County,EFL Championship,22.0,1610,0.0,0.0,0.0,0.5031,0.0559,11.11,0.0,-0.4622,8.808992578335044,-0.3886,9.808997646007104,0,False,-3.4505339604641283,0.0530534787782005,1,Low Volume Player,-0.83833003563894,-0.7093830522330287,0.1019472684900061,0.092515516493743,"
"Luca Koleosho,it ITA,MF,Burnley,EFL Championship,19.0,1677,0.1073,0.0,0.1073,1.5564,0.5903,37.93,0.069,-0.4363,6.885340577879406,-0.4237,8.18356748875803,0,False,-0.6629743054537274,-0.9172758297958148,0,Active Forward,-0.8116795311855605,-0.7787888566818397,0.1268176041508315,0.108890145493474,"
"Luciano Valente,nl NED,MF,Groningen,Eredivisie,20.0,2587,0.0696,0.2435,0.3131,1.7743,0.8002,45.1,0.0392,0.2872,5.202933233584836,0.4823,5.585833792296554,0,False,0.6520753971008957,1.3543679906765784,2,Creative Playmaker,0.3712414370000043,0.7025922954287963,0.1612140518594739,0.1518410624285264,"
"Luismi,gq EQG,FW,Moreirense,Primeira Liga,23.0,1369,0.3287,0.1972,0.5259,3.0241,1.3148,43.48,0.1087,0.5447,3.690872547149673,0.5279,4.8353394424542895,0,False,3.231128051315381,0.8451683399276411,2,Creative Playmaker,0.7657785937918189,0.7655915403895661,0.2131799553171898,0.1713696366529466,"
"Luke Cundle,eng ENG,MF,Millwall,EFL Championship,22.0,985,0.0914,0.0,0.0914,0.5482,0.2741,50.0,0.1667,-0.1722,7.125057873881513,-0.2955,8.828515558742865,0,False,-0.7422230948696555,-2.189397669819608,0,Active Forward,-0.3689813983831222,-0.5603668347184438,0.1230760464137197,0.1017447644075263,"
"Lyle Foster,za RSA,FW,Burnley,EFL Championship,23.0,1590,0.1132,0.283,0.3962,2.2075,0.7925,35.9,0.0513,0.4304,4.581800920133648,0.6093,4.875611723488603,0,False,1.035655651803412,2.0070977508847734,2,Creative Playmaker,0.5979462348415786,0.9019623801476389,0.179153648492368,0.170195044713788,8.0"
"MT,br BRA,MF,Santa Clara,Primeira Liga,23.0,2789,0.0323,0.0323,0.0645,0.6454,0.0968,15.0,0.05,-0.4288,7.966201113186822,-0.3832,9.112700760616695,0,False,-2.6645702647236447,-0.0671651277154823,1,Low Volume Player,-0.7890678184169548,-0.7045483691066208,0.1115299542555736,0.0988855523041322,"
"Makan Aiko,fr FRA,FW,Fortuna Sittard,Eredivisie,23.0,1179,0.0763,0.0,0.0763,1.8321,0.5344,29.17,0.0417,-0.5059,7.256370258676796,-0.4173,8.374733855680686,0,False,-1.1468344699991022,-0.4139353150266424,1,Low Volume Player,-0.9238862071664706,-0.7666900472141638,0.1211185991748709,0.1066696948835558,"
"Malik Tillman,us USA,FW,PSV,Eredivisie,22.0,1915,0.564,0.094,0.658,2.7728,1.1749,42.37,0.2034,0.5501,3.56636113125418,0.355,6.090603802282325,1,True,4.112197942739197,-0.7631387887495485,3,Elite Attacker,0.7708994143272205,0.4975680596449563,0.2189927540236713,0.1410317129379193,"
"Mamadou Doumbia,ml MLI,FW,Watford,EFL Championship,18.0,968,0.186,0.0,0.186,1.4876,0.3719,25.0,0.125,-0.289,6.543643060706952,-0.4611,8.216502800823669,0,False,-0.6517368778624054,-0.9412796861220732,0,Active Forward,-0.5699679833586568,-0.8408833319132425,0.1325619454622346,0.108501024912685,"
"Marcos Vinicios Sorriso,br BRA,MF,Famalicão,Primeira Liga,23.0,2020,0.3564,0.1782,0.5347,2.3168,0.9356,40.38,0.1538,0.6495,3.272265774029649,0.5246,5.186268636459882,0,False,2.648366418106191,0.2697780825498498,2,Creative Playmaker,0.926430520564007,0.7665004952211547,0.2340678349363993,0.1616483309674463,1.2"
"Marcus Linday,se SWE,MF,Heerenveen,Eredivisie,21.0,1264,0.1424,0.1424,0.2848,0.5696,0.2848,50.0,0.25,0.2375,5.562440949886738,0.0793,7.480280363419983,0,False,0.5935187807495674,-1.4461624265928563,0,Active Forward,0.2943127071789935,0.053618359050896,0.1523823235342421,0.1179206296425692,"
"Martim Neto,pt POR,MF,Rio Ave,Primeira Liga,21.0,1371,0.1313,0.0656,0.1969,0.7877,0.1969,25.0,0.1667,-0.1229,6.430640036615649,-0.2714,8.122113537341647,0,False,-0.9575120996128096,-0.8022797787464,0,Active Forward,-0.2945787769472558,-0.525468040182338,0.1345779091804128,0.109623717782778,"
"Mason Burstow,eng ENG,FW,Hull City,EFL Championship,20.0,953,0.1889,0.0944,0.2833,2.7387,1.2277,44.83,0.069,0.2286,5.47068693995416,0.2801,6.435662060599177,0,False,1.669069133483062,0.0601048580251307,2,Creative Playmaker,0.277968657975801,0.3772519409238881,0.1545430970899488,0.1344870156618466,"
"Mateo Joseph,es ESP,FW,Leeds United,EFL Championship,20.0,1285,0.2101,0.2101,0.4202,2.7315,1.1206,41.03,0.0769,0.4828,4.274305675775242,0.5579,5.021399767375973,0,False,2.098982926349936,1.1654167851182669,2,Creative Playmaker,0.6783294993453038,0.8191023638940674,0.1895984156915621,0.166074341288219,"
"Matheus Dias,br BRA,MF,Nacional,Primeira Liga,22.0,1750,0.0,0.0514,0.0514,0.36,0.0514,14.29,0.0,-0.4164,8.390691469381764,-0.323,9.312870581836874,0,False,-3.1979081017835425,0.3934905215342943,1,Low Volume Player,-0.7649967812813028,-0.6030529946782333,0.1064884309382847,0.0969662124686418,"
"Matheus Pereira,br BRA,MF,Santa Clara,Primeira Liga,23.0,1723,0.0,0.2089,0.2089,0.8358,0.3134,37.5,0.0,-0.087,6.607194221121102,0.1227,7.078245927188288,0,False,-1.2768995580007665,1.273634253866634,1,Low Volume Player,-0.2326612998043828,0.1219602618205843,0.1314545114706728,0.1237892494253464,"
"Mathias De Amorim,pt POR,MF,Famalicão,Primeira Liga,19.0,1072,0.084,0.084,0.1679,1.4272,0.1679,11.76,0.0588,-0.2878,7.100127997824356,-0.2216,8.185772413590549,0,False,-1.7699378507555383,0.6310973547164744,1,Low Volume Player,-0.5620130392633231,-0.4418470850384819,0.1234548392653293,0.1088640078346028,"
"Mathis Suray,be BEL,MF,Go Ahead Eagles,Eredivisie,23.0,1454,0.1857,0.0,0.1857,1.9807,0.4333,21.88,0.0938,-0.2963,6.624106131174986,-0.3781,8.117007922525955,0,False,-0.5960181999707191,-0.5184817561955379,0,Active Forward,-0.5813580280693005,-0.7032319978046813,0.1311629170416448,0.1096851081514625,"
"Matthew Sorinola,eng ENG,MF,Plymouth Argyle,EFL Championship,23.0,1674,0.0,0.0538,0.0538,0.1075,0.0538,50.0,0.0,-0.316,8.137870345345327,-0.2433,9.088843928001625,0,False,-2.250084531518329,-0.6960660873183669,1,Low Volume Player,-0.5995855652811377,-0.4715061721689855,0.1094346890694704,0.0991193844543968,"
"Max Balard,au AUS,MF,NAC Breda,Eredivisie,23.0,2937,0.0306,0.0306,0.0613,0.1839,0.0613,33.33,0.1667,-0.2676,7.499740663085041,-0.3557,9.086215259475155,0,False,-1.819546729749174,-1.520067075028473,1,Low Volume Player,-0.5243527411752529,-0.6589433756028993,0.1176506483713166,0.0991452169395833,"
"Max Bird,eng ENG,MF,Bristol City,EFL Championship,23.0,3481,0.0259,0.2068,0.2327,1.1117,0.3103,27.91,0.0233,-0.0673,6.3299213491066615,0.1489,6.912028908226122,0,False,-1.1955976102130346,1.445880220633299,1,Low Volume Player,-0.2030548513045436,0.1639493129897138,0.1364271118846146,0.1263898314325295,"
"Mexx Meerdink,nl NED,FW,AZ Alkmaar,Eredivisie,21.0,906,0.894,0.0,0.894,3.7748,1.8874,50.0,0.2368,0.456,5.81214645676469,0.2839,8.06810881651105,3,True,7.0369991256386095,-1.7817374663729837,3,Elite Attacker,0.6621298303929831,0.3996742974574052,0.1467966090199024,0.1102765769836394,"
"Miguel Menino,pt POR,MF,Farense,Primeira Liga,21.0,1830,0.0984,0.0,0.0984,0.9836,0.3934,40.0,0.1,-0.3888,7.017253662526051,-0.4518,8.485977688374739,0,False,-0.9900547927530484,-1.3349771968395412,0,Active Forward,-0.7311859874433599,-0.8232829450577812,0.1247309916953435,0.1054187594416884,"
"Miguel Rodríguez,es ESP,MF,Utrecht,Eredivisie,21.0,1241,0.5077,0.2176,0.7252,3.9162,1.3779,35.19,0.1296,0.5715,3.393234106514216,0.5097,4.726816835850009,1,True,4.581532550249621,1.353876737522412,3,Elite Attacker,0.8008199832007923,0.7331100413544893,0.2276227434630028,0.1746170741379358,"
"Mihailo Ivanović,rs SRB,FW,Millwall,EFL Championship,19.0,2176,0.4963,0.0,0.4963,2.1507,1.1167,51.92,0.2308,0.3978,4.795431294321453,0.1689,7.322290987388947,0,False,3.4024909316800254,-2.23814212178165,3,Elite Attacker,0.5480141912497773,0.2013579009600012,0.1725497118704231,0.1201592207620875,"
"Mika Godts,be BEL,FW,Ajax,Eredivisie,19.0,1643,0.2191,0.1096,0.3287,2.7389,0.8217,30.0,0.08,0.2983,5.182640600171085,0.3328,6.349414845193012,0,False,1.0424061429719134,0.5378567627923211,2,Creative Playmaker,0.3893304519243374,0.4639430451247173,0.1617431878495942,0.1360652543180446,"
"Milan van Ewijk,nl NED,MF,Coventry City,EFL Championship,23.0,4010,0.0449,0.0449,0.0898,0.6509,0.1796,27.59,0.069,-0.4437,7.389466503055564,-0.4115,8.61869464033118,0,False,-1.980554177486376,-0.4444865188201891,1,Low Volume Player,-0.8189277150308807,-0.7551770211278921,0.1191970907370314,0.1039642110902451,"
"Million Manhoef,nl NED,FW,Stoke City,EFL Championship,22.0,2422,0.1858,0.1858,0.3716,2.6383,0.929,35.21,0.0704,0.4349,4.66522126936941,0.54,5.4917742575428505,0,False,1.3990747199665168,1.125136477650736,2,Creative Playmaker,0.6071749375110287,0.7972830759611217,0.1765156120921132,0.1540410926701727,"
"Mirko Topić,rs SRB,MF,Famalicão,Primeira Liga,23.0,2321,0.0388,0.0,0.0388,0.8143,0.1551,19.05,0.0476,-0.4909,8.017326173770451,-0.4526,9.212774753292353,0,False,-2.5226925811280734,-0.4207389307730993,1,Low Volume Player,-0.8921450171508514,-0.8196740596930572,0.1108976187319024,0.097916582335043,"
"Mohamed Bamba,ci CIV,MF,Gil Vicente FC,Primeira Liga,19.0,956,0.0941,0.0,0.0941,1.318,0.3766,28.57,0.0714,-0.5366,7.181543592442878,-0.5334,8.507988749447456,0,False,-1.3517185246964654,-0.7274002152099583,1,Low Volume Player,-0.975735880237282,-0.9590506677807658,0.1222263242505582,0.1051747142694204,"
"Mohamed Nassoh,nl NED,MF,Sparta Rotterdam,Eredivisie,21.0,1621,0.111,0.111,0.2221,1.9988,0.8883,44.44,0.0556,0.0764,5.78804671892517,0.211,6.703173200255984,0,False,0.5331416195625786,0.115618820044104,0,Active Forward,0.0290559137184419,0.2651419342223404,0.1473177839527807,0.1298166319260183,"
"Mohammed Ihattaren,nl NED,MF,RKC Waalwijk,Eredivisie,22.0,1542,0.2335,0.2335,0.4669,3.2101,1.2257,38.18,0.0727,0.4826,4.160596652797029,0.5582,4.689779441816862,0,False,2.564867508726011,1.6111653783142976,2,Creative Playmaker,0.6752096488822725,0.8131327884518247,0.1937760432135309,0.1757537370694073,"
"Morgan Whittaker,eng ENG,MF,Plymouth Argyle,EFL Championship,23.0,2737,0.0986,0.0658,0.1644,2.795,0.8221,29.41,0.0353,-0.129,6.497181339050713,0.0209,7.319951968424424,0,False,0.0239943046451831,0.4679199147148431,0,Active Forward,-0.3038577829035187,-0.0452973831266587,0.1333834617006368,0.12019300156962,"
"Mory Gbane,ci CIV,MF,Gil Vicente FC,Primeira Liga,23.0,1471,0.0612,0.0,0.0612,0.5506,0.1835,33.33,0.1111,-0.4085,7.490692792993654,-0.4673,8.972331939588521,0,False,-1.7654008250774706,-1.329448046437116,1,Low Volume Player,-0.759328667767885,-0.8457413653376029,0.1177760195051668,0.1002774482496079,"
"Myles Peart-Harris,eng ENG,MF,Swansea City,EFL Championship,21.0,1665,0.1622,0.2162,0.3784,1.2973,0.4865,37.5,0.125,0.5154,4.559677776500204,0.5125,5.847502206787018,0,False,0.6129256202972331,0.621624540616435,2,Creative Playmaker,0.7390340654190358,0.7568428008179071,0.1798665390693732,0.1460386531907697,"
"Nicolás González,es ESP,MF,Porto,Primeira Liga,22.0,1441,0.3123,0.1874,0.4997,1.6863,0.5621,33.33,0.1852,0.6395,3.633755122315233,0.4608,5.697733438907226,0,False,1.6880417258774243,0.1767053439001424,2,Creative Playmaker,0.9220365074635868,0.6684986207603307,0.2158076923798154,0.1493042398777751,4.5"
"Nilton Varela,pt POR,MF,Estrela,Primeira Liga,23.0,2209,0.0,0.0815,0.0815,0.3667,0.0815,22.22,0.0,-0.3946,7.973608269601738,-0.2792,8.844270872281081,0,False,-2.790462122371743,0.4376037751767248,1,Low Volume Player,-0.7320413888226556,-0.5329931055588495,0.1114378932037314,0.1015819264802781,"
"Norman Bassette,be BEL,FW,Coventry City,EFL Championship,19.0,907,0.1985,0.0,0.1985,1.7861,0.6946,38.89,0.1111,-0.1265,6.1586916498783255,-0.2692,7.760073302389822,0,False,0.2633673783158165,-1.166366652382364,0,Active Forward,-0.3039958648103114,-0.5247467061796878,0.139690330148107,0.114154295915217,"
"Ole Pohlmann,de GER,FW,Rio Ave,Primeira Liga,23.0,1594,0.0565,0.1129,0.1694,1.0728,0.1694,15.79,0.0526,-0.2849,7.014096319877025,-0.1867,8.014088401158787,0,False,-1.8565282593996468,0.7329250477826136,1,Low Volume Player,-0.5579721982290988,-0.3851215928265867,0.1247801324173933,0.1109374520746265,"
"Oliver Antman,fi FIN,MF,Go Ahead Eagles,Eredivisie,22.0,2410,0.2241,0.5602,0.7842,2.0166,0.5975,29.63,0.1111,0.581,3.3977876052218465,0.6763,2.5489204995807624,2,True,2.6437300568715383,4.26010690345467,2,Creative Playmaker,0.8168032272329575,0.9392531616092346,0.2273870613516259,0.2817758245410487,1.8"
"Oliver Arblaster,eng ENG,MF,Sheffield United,EFL Championship,20.0,978,0.184,0.092,0.2761,0.9202,0.2761,30.0,0.2,0.1389,5.676866087380695,-0.0752,7.579563970737938,0,False,-0.1056298744004462,-0.8958341766574538,0,Active Forward,0.1316298411209976,-0.2030200687457009,0.1497708635927271,0.1165560398419628,"
"Ollie Tanner,eng ENG,MF,Cardiff City,EFL Championship,22.0,1387,0.1298,0.1298,0.2596,2.336,0.7787,33.33,0.0556,0.1411,5.575277068003276,0.3268,6.463279221151684,0,False,0.4192540126397618,0.6879823842791131,2,Creative Playmaker,0.1338084759658739,0.455335349001214,0.1520848459551943,0.1339893591500502,"
"Orkun Kökçü,tr TUR,MF,Benfica,Primeira Liga,23.0,2633,0.2393,0.2393,0.4785,2.1193,0.8204,38.71,0.1129,0.6465,3.61114493053806,0.653,4.807268944053996,0,False,1.8541135283163543,1.0946197112377554,2,Creative Playmaker,0.9329558057596296,0.9735804624242436,0.2168658793128224,0.1721979831886191,22.0"
"Oscar Fraulo,dk DEN,FW,Utrecht,Eredivisie,20.0,1711,0.1578,0.1578,0.3156,0.9468,0.3682,38.89,0.1667,0.3196,5.1185271681619815,0.1931,6.752979681047152,0,False,0.2736845185266327,-0.3226845217616774,0,Active Forward,0.4237695610138612,0.2357910408189292,0.1634380256090947,0.1289826674568216,"
"Oscar Schwartau,dk DEN,FW,Norwich City,EFL Championship,18.0,1564,0.0575,0.0,0.0575,1.266,0.4028,31.82,0.0455,-0.545,7.4554375145901695,-0.4809,8.630457265143416,0,False,-1.563913287529183,-0.6602519757774115,1,Low Volume Player,-0.9870968654777568,-0.8707673946929826,0.1182670912385625,0.1038372293722138,"
"Owen Beck,wls WAL,MF,Blackburn Rovers,EFL Championship,21.0,1874,0.048,0.0,0.048,0.4322,0.0961,22.22,0.1111,-0.411,7.82595708905414,-0.4562,9.277413114193266,0,False,-2.316216765201387,-1.0358780390522069,1,Low Volume Player,-0.7605495957802724,-0.8252339873924797,0.1133021597442604,0.0973007496039041,"
"Paddy Lane,nir NIR,MF,Portsmouth,EFL Championship,23.0,1074,0.0838,0.0838,0.1676,1.0894,0.419,38.46,0.0769,-0.321,6.406604025171156,-0.2561,7.615187285988253,0,False,-0.7665156012610818,-0.3441455222141426,0,Active Forward,-0.6250503358078321,-0.5042343965415903,0.1350146432294106,0.1160740871677161,"
"Paulo Victor,br BRA,MF,Farense,Primeira Liga,23.0,1620,0.0,0.0,0.0,0.2778,0.1111,40.0,0.0,-0.4458,8.422936574045515,-0.3774,9.462466290268786,0,False,-2.641498271430665,-0.8479424286707605,1,Low Volume Player,-0.8137433630148039,-0.6927605723531078,0.1061240296103015,0.0955797583720873,"
"Paxten Aaronson,us USA,MF,Utrecht,Eredivisie,20.0,2689,0.2678,0.1339,0.4016,2.0082,0.4686,23.33,0.1333,0.4562,4.766666585742732,0.3223,6.416925169364897,0,False,0.7146480839350703,0.4031273604811886,2,Creative Playmaker,0.6447797010858242,0.4472032766483526,0.1734104070577547,0.1348267613822547,"
"Pedro Santos,pt POR,MF,Arouca,Primeira Liga,23.0,1526,0.0,0.0,0.0,0.6488,0.059,9.09,0.0,-0.4578,8.819737429506219,-0.3817,9.805182471221784,0,False,-3.437484808191904,0.1473292556342286,1,Low Volume Player,-0.8309116278105557,-0.6978445580018295,0.1018357168079884,0.0925481825654838,"
"Quinten Timber,nl NED,MF,Feyenoord,Eredivisie,23.0,1391,0.3882,0.0,0.3882,2.394,1.0352,43.24,0.1622,0.3207,5.089975825837582,0.1263,7.163025640719216,0,False,2.281862154463221,-1.4698825871864585,3,Elite Attacker,0.4250406939247362,0.1288806114781011,0.1642042642858053,0.1225035965845494,"
"Rafael Brito,pt POR,MF,Casa Pia,Primeira Liga,22.0,1011,0.0,0.089,0.089,0.8012,0.089,11.11,0.0,-0.3671,8.04343873704025,-0.2433,8.844570026068407,0,False,-2.869845083942581,0.9367571772487988,1,Low Volume Player,-0.6856326586109747,-0.4732509245248777,0.110577406347011,0.1015788396397203,"
"Rafael Rodrigues,pt POR,MF,AVS Futebol,Primeira Liga,22.0,1033,0.0871,0.0,0.0871,0.5227,0.1742,33.33,0.1667,-0.2785,7.239102022329891,-0.4118,8.94854872947993,0,False,-1.3824336108449948,-1.7105746413159262,0,Active Forward,-0.5450380046501675,-0.7532907978442744,0.1213724502123855,0.100517173629231,"
"Rami Al Hajj,se SWE,MF,Plymouth Argyle,EFL Championship,22.0,1374,0.1965,0.0,0.1965,1.6376,0.7205,44.0,0.12,-0.0649,6.145000467866052,-0.2067,7.784347639341672,0,False,0.4074745419138219,-1.4105769085543052,0,Active Forward,-0.2014368960985297,-0.4204413450601807,0.1399580034315467,0.1138388462133931,"
"Reuell Walters,eng ENG,MF,Luton Town,EFL Championship,19.0,979,0.0,0.0,0.0,0.1839,0.0,0.0,0.0,-0.4088,9.291659530055345,-0.3509,10.288044753824616,1,True,-3.993889789776556,0.3010903023696808,1,Low Volume Player,-0.7460893200322607,-0.6438744285808964,0.0971660592812695,0.0885893014962737,"
"Richonell Margaret,sr SUR,FW,RKC Waalwijk,Eredivisie,23.0,2515,0.1789,0.2505,0.4294,1.6819,0.501,29.79,0.1064,0.5451,4.308103281733159,0.5953,5.3754791470955015,0,False,0.7311075930862111,1.379068800100267,2,Creative Playmaker,0.782841069106795,0.887669680581064,0.1883912099904522,0.1568509561286187,1.2"
"Ringo Meerveld,nl NED,FW,Willem II,Eredivisie,23.0,2900,0.1241,0.0621,0.1862,0.9621,0.3724,38.71,0.129,-0.1718,6.231433155139616,-0.2902,7.779008605884692,0,False,-0.5085298013814926,-0.9322835175955204,0,Active Forward,-0.3785417959791206,-0.5596698665527309,0.1382851750886015,0.1139080783369646,"
"Rob Nizet,be BEL,MF,Willem II,Eredivisie,22.0,955,0.0,0.0,0.0,0.377,0.0942,25.0,0.0,-0.4916,8.529986332820496,-0.4147,9.557907493074977,0,False,-3.0565316300167824,-0.3836607428808899,1,Low Volume Player,-0.8892469888691612,-0.7542582564985627,0.1049319448188589,0.0947157380054626,"
"Roberto González,es ESP,MF,NEC Nijmegen,Eredivisie,23.0,985,0.1827,0.0914,0.2741,2.3756,1.0051,42.31,0.0769,0.219,5.415057615156334,0.2623,6.542648541935945,0,False,1.1620029501357765,-0.0458193078934137,2,Creative Playmaker,0.2610773493422553,0.3488297611130492,0.1558832453254015,0.1325794241160988,"
"Rocco Vata,ie IRL,FW,Watford,EFL Championship,19.0,1536,0.1758,0.2344,0.4102,2.5195,0.7031,27.91,0.0698,0.4611,4.53638878790163,0.5846,5.246476028618115,0,False,1.0343586468088757,1.7451371645309373,2,Creative Playmaker,0.6480568799125331,0.8676568558483384,0.1806231531617226,0.1600902645617334,1.0"
"Rodrigo Mora,pt POR,FW,Porto,Primeira Liga,17.0,1370,0.6569,0.2628,0.9197,2.8905,1.1168,38.64,0.2273,0.7013,1.938090191063612,0.5116,4.741343527186626,2,True,5.340568880060086,0.7503247069956281,3,Elite Attacker,0.9419167499874928,0.7365581055173325,0.3403571486816721,0.1741752597218338,2.5"
"Rodrigo Ribeiro,pt POR,FW,AVS Futebol,Primeira Liga,19.0,990,0.0909,0.0,0.0909,2.4545,0.3636,14.81,0.037,-0.3639,7.564690289587131,-0.2922,8.62163282549596,0,False,-1.4205032077016098,0.1786243068629183,1,Low Volume Player,-0.68437956837775,-0.5563020262582841,0.1167584543268062,0.1039324632457541,"
"Roger Fernandes,pt POR,MF,Braga,Primeira Liga,18.0,1739,0.1553,0.1553,0.3105,2.5877,1.2421,48.0,0.06,0.2968,5.191764766372954,0.3923,5.885219062948544,0,False,1.7675168300078197,0.5464097152596589,2,Creative Playmaker,0.3870269024105486,0.5570637231303321,0.1615048435675287,0.1452386613784453,"
"Romain Esse,eng ENG,MF,Millwall,EFL Championship,19.0,2018,0.1784,0.0446,0.223,1.338,0.5352,40.0,0.1333,-0.0336,5.8824169010765885,-0.23,7.543377480219769,0,False,0.1109158397076869,-1.0585470518644562,0,Active Forward,-0.1527932518946986,-0.4613391659184473,0.1452977950004124,0.1170497267989469,"
"Romaine Mundle,eng ENG,FW,Sunderland,EFL Championship,21.0,1433,0.314,0.1256,0.4396,2.1982,0.7537,34.29,0.1429,0.5933,4.167290171467154,0.4339,5.992650084813959,0,False,1.6984263547416178,0.0032577016864882,2,Creative Playmaker,0.8597344642651434,0.6277832288522043,0.1935250328154242,0.1430072987881539,"
"Romano Postema,nl NED,FW,Groningen,Eredivisie,22.0,1207,0.1491,0.0,0.1491,1.6404,0.6711,40.91,0.0909,-0.2719,6.514586252314627,-0.3317,7.954492836985353,0,False,-0.1228272272954782,-1.1268795366311877,0,Active Forward,-0.5418916923123602,-0.6272657644778805,0.1330745255192169,0.1116757831185739,"
"Ronald,br BRA,MF,Swansea City,EFL Championship,23.0,3761,0.0479,0.1675,0.2154,1.2204,0.3829,31.37,0.0392,-0.1302,6.222786876576594,0.0931,7.001233653512178,0,False,-0.9459791794457028,0.9094118135733114,1,Low Volume Player,-0.3093121116457322,0.0717766431123484,0.138450713981744,0.1249807271358768,"
"Ronnie Edwards,eng ENG,MF,QPR,EFL Championship,21.0,1819,0.099,0.0,0.099,0.6432,0.1484,23.08,0.1538,-0.3153,7.326247455884011,-0.435,8.991643612439448,0,False,-1.6612826502719074,-1.2944822121837785,1,Low Volume Player,-0.6055061004857207,-0.7916865862431937,0.1201021234713985,0.1000836337632193,"
"Ruben van Bommel,nl NED,FW,AZ Alkmaar,Eredivisie,19.0,1491,0.1811,0.3018,0.4829,2.7767,1.0865,39.13,0.0652,0.5172,3.932247515019678,0.6361,4.108221545328868,0,False,2.234304035179653,2.143787474376849,2,Creative Playmaker,0.7268742710591432,0.9296368319182116,0.2027473270460982,0.1957628484055148,4.0"
"Rubin Colwill,wls WAL,FW,Cardiff City,EFL Championship,22.0,2522,0.0357,0.1427,0.1784,1.927,0.7137,37.04,0.0185,-0.1094,6.277788877831707,0.1547,6.861470199722946,0,False,-0.3409736771271879,0.8430899288298057,0,Active Forward,-0.2738960973549376,0.1730869947681652,0.1374043705837662,0.1272026700597608,"
"Ryan Andrews,eng ENG,MF,Watford,EFL Championship,19.0,2086,0.1294,0.0863,0.2157,1.3806,0.4314,31.25,0.0938,-0.4032,6.034126186488957,-0.3955,7.36740957366325,0,False,-0.5014906254940613,-0.1519722883885232,0,Active Forward,-0.7667312986840671,-0.7388060111664272,0.1421640689245502,0.1195113005042252,"
"Ryan Fosso,ch SUI,MF,Fortuna Sittard,Eredivisie,22.0,2551,0.0353,0.0353,0.0706,0.7762,0.1411,18.18,0.0455,-0.4513,7.7970865974391135,-0.3925,8.922591329388712,0,False,-2.451379999713631,-0.0692900883567692,1,Low Volume Player,-0.8280046387723683,-0.721295298014387,0.1136739975131205,0.1007801255543198,"
"Sam Greenwood,eng ENG,FW,Preston North End,EFL Championship,22.0,2427,0.1854,0.1112,0.2967,2.6329,1.0383,39.44,0.0704,0.2644,5.277425891142941,0.3331,6.284252932895404,0,False,1.308247008289658,0.3261457464290657,2,Creative Playmaker,0.3344130545590915,0.4636319541245377,0.1593009646535115,0.1372824377753329,"
"Sam McCallum,eng ENG,MF,Sheffield United,EFL Championship,23.0,1057,0.1703,0.0,0.1703,1.2772,0.2554,20.0,0.1333,-0.2818,6.829057737714944,-0.4274,8.507003975069791,0,False,-1.0705817856471658,-0.9071799295501852,0,Active Forward,-0.5548492296849081,-0.7824612186618358,0.1277292917617272,0.1051856086967355,"
"Sami Ouaissa,nl NED,FW,NEC Nijmegen,Eredivisie,19.0,1846,0.3413,0.0488,0.39,1.5114,0.6338,41.94,0.2258,0.3748,4.824447395700997,0.0989,7.202429792695943,0,False,1.66402710240611,-1.6499563938655617,0,Active Forward,0.5101945173730354,0.0836000000614991,0.1716901075865319,0.1219150940969314,"
"Samu Omorodion,es ESP,FW,Porto,Primeira Liga,20.0,2263,0.7556,0.1193,0.8749,3.2612,1.3124,40.24,0.2317,0.5673,3.68728462179808,0.3774,6.306976443659915,2,True,5.660757077354081,-0.5321135757954478,3,Elite Attacker,0.8033164398758574,0.5377109574939327,0.2133431358850131,0.136855511675787,"
"Samuel Iling-Junior,eng ENG,MF,Middlesbrough,EFL Championship,20.0,1057,0.0851,0.1703,0.2554,1.1069,0.2554,23.08,0.0769,-0.039,6.053675969113948,0.0693,7.074456323214147,0,False,-1.0027779094430644,0.8914051550714744,1,Low Volume Player,-0.1594957598249522,0.0329255331024046,0.1417700507336483,0.1238473477310155,"
"Santiago García,es ESP,MF,Gil Vicente FC,Primeira Liga,22.0,1475,0.2441,0.122,0.3661,1.2814,0.4881,38.1,0.1905,0.4441,4.711027283268192,0.2119,6.698190669853385,0,False,0.9389429761333352,-0.6974362023876728,0,Active Forward,0.6233744767025918,0.2665306384467394,0.1750998463848591,0.1299006536582765,"
"Sem Scheperman,nl NED,MF,Heracles Almelo,Eredivisie,22.0,1639,0.0549,0.0549,0.1098,0.5491,0.2196,40.0,0.1,-0.3101,7.022777098454662,-0.3293,8.375291303074983,0,False,-1.3672527279325282,-0.9492232146996488,1,Low Volume Player,-0.5999552420788146,-0.6199639339480019,0.124645118233762,0.1066633523879958,"
"Sem Steijn,nl NED,MF,Twente,Eredivisie,22.0,2762,0.782,0.2281,1.0101,3.0304,1.4012,46.24,0.2581,0.64,3.0387617786640764,0.4608,5.638912931589097,2,True,6.585076649138632,0.0557454657435197,3,Elite Attacker,0.9016105113090596,0.667660345094531,0.2476006397016997,0.1506270695676436,3.5"
"Shea Charles,nir NIR,MF,Sheffield Weds,EFL Championship,20.0,3631,0.0248,0.1239,0.1487,0.7188,0.1487,20.69,0.0345,-0.3083,7.199837030035117,-0.184,8.099550714487293,0,False,-2.103900846452448,0.7247667197241425,1,Low Volume Player,-0.595198903037387,-0.3798569487954331,0.1219536432659707,0.1098955356562726,"
"Shiloh ’t Zand,nl NED,FW,Heracles Almelo,Eredivisie,21.0,1010,0.0891,0.0,0.0891,2.2277,1.1584,52.0,0.04,-0.1213,7.0583951749863365,-0.0549,8.006201216865634,0,False,0.4851766656299145,-0.9435268541369914,0,Active Forward,-0.2849150473069672,-0.1655798978686842,0.1240941872773936,0.1110346055923479,"
"Shunsuke Mito,jp JPN,FW,Sparta Rotterdam,Eredivisie,21.0,1489,0.3022,0.0,0.3022,2.7199,1.088,40.0,0.1111,0.1893,5.625799096730932,0.0882,7.234983601961775,0,False,1.713219893891373,-0.9516264422949456,0,Active Forward,0.2149409478521555,0.0661180908760404,0.1509251918751029,0.1214331501233075,"
"Sidnei Tavares,Unknown,MF,Moreirense,Primeira Liga,22.0,1296,0.0694,0.0694,0.1389,0.6944,0.1389,20.0,0.1,-0.3251,7.097464520951213,-0.3336,8.421082790408844,0,False,-1.8421741291023412,-0.1979838884665217,1,Low Volume Player,-0.624208498248668,-0.6267818723920098,0.123495446928186,0.106144911603797,"
"Sinclair Armstrong,ie IRL,FW,Bristol City,EFL Championship,21.0,1555,0.1736,0.0,0.1736,2.373,0.9839,41.46,0.0732,-0.0728,6.369608122987031,-0.0736,7.638684975634897,0,False,0.6348857269659837,-0.830745412258332,0,Active Forward,-0.2117600422470364,-0.1997943824683972,0.1356924253381715,0.1157583593822977,"
"Sivert Mannsverk,no NOR,MF,Cardiff City,EFL Championship,22.0,1004,0.0,0.0896,0.0896,0.8068,0.0896,11.11,0.0,-0.3663,8.037270988397186,-0.242,8.83656421580736,0,False,-2.8637955972843843,0.9435898596832454,1,Low Volume Player,-0.684297205952515,-0.4710909254700048,0.1106528731166615,0.1016615129084401,"
"Sontje Hansen,cw CUW,FW,NEC Nijmegen,Eredivisie,22.0,1872,0.2885,0.1923,0.4808,1.7788,0.7212,40.54,0.1622,0.6659,3.572341825158746,0.5342,5.42278494218499,0,False,1.9145555510296948,0.1948395707319273,2,Creative Playmaker,0.9640208326328044,0.7865258152622726,0.2187063081105667,0.1556957003856658,2.2"
"Stije Resink,nl NED,MF,Groningen,Eredivisie,21.0,2127,0.2116,0.0846,0.2962,1.6925,0.677,40.0,0.125,0.3507,5.205121919300468,0.1802,6.8061917381625925,0,False,0.7482827925304639,-0.5448256446072549,0,Active Forward,0.4771448393176052,0.2149760674297685,0.1611571880464735,0.1281034380838022,"
"Suf Podgoreanu,il ISR,MF,Heracles Almelo,Eredivisie,22.0,2337,0.0385,0.1926,0.2311,1.6175,0.3851,23.81,0.0238,-0.0699,6.257874043645699,0.1703,6.827244181092863,0,False,-0.9889476180210884,1.5587177705652484,1,Low Volume Player,-0.2082882622404565,0.198695156895843,0.1377813935577325,0.127758886379903,"
"Syb Van Ottele,nl NED,MF,Fortuna Sittard,Eredivisie,22.0,1874,0.0,0.1441,0.1441,0.9125,0.1441,15.79,0.0,-0.2851,7.470966436173743,-0.12,8.133795958422208,0,False,-2.3673423131101874,1.330695251001861,1,Low Volume Player,-0.5539056915656091,-0.2729662735684326,0.1180502847620407,0.1094835054945482,"
"Sydie Peck,eng ENG,MF,Sheffield United,EFL Championship,19.0,2927,0.0,0.0615,0.0615,1.1992,0.3382,28.21,0.0,-0.4758,7.607089262338746,-0.3029,8.421965911921632,0,False,-2.015062079076321,0.2919379028812511,1,Low Volume Player,-0.8704222974235276,-0.575559177566209,0.1161832960621901,0.1061349626339337,"
"Taichi Fukui,jp JPN,MF,Arouca,Primeira Liga,20.0,2183,0.0,0.0825,0.0825,0.7009,0.0825,11.76,0.0,-0.3777,8.103653731036758,-0.2596,8.928916701021247,0,False,-2.934998588125141,0.8341814512373262,1,Low Volume Player,-0.7027000760015136,-0.4998290533721568,0.1098460057406111,0.1007159219995414,"
"Telasco Segovia,ve VEN,MF,Casa Pia,Primeira Liga,21.0,905,0.1989,0.0,0.1989,1.1934,0.2983,25.0,0.1667,-0.1564,6.495558120535945,-0.3768,8.366613247746674,0,False,-0.6033791749517756,-1.2961292449990347,0,Active Forward,-0.3495688185297778,-0.6992090656927519,0.1334123468751781,0.1067621747103276,"
"Telmo Arcanjo,cv CPV,FW,Vitória Guimarães,Primeira Liga,23.0,1320,0.3409,0.1364,0.4773,2.0455,0.75,36.67,0.1667,0.6184,3.8283366202569926,0.4292,5.878941770326644,0,False,1.9947261277736523,-0.1646329519691506,2,Creative Playmaker,0.8925355575287659,0.6183766289820182,0.2071106632881727,0.1453711971096559,1.2"
"Terry Devlin,nir NIR,MF,Portsmouth,EFL Championship,20.0,1562,0.0,0.0576,0.0576,0.5186,0.1152,22.22,0.0,-0.4392,8.069600483324974,-0.3263,8.974184173933923,0,False,-2.7876064768873743,0.2579138064050321,1,Low Volume Player,-0.8055461883522868,-0.6106616920460048,0.1102584399212029,0.1002588264425028,"
"Thelo Aasgaard,no NOR,FW,Luton Town,EFL Championship,22.0,1513,0.119,0.0595,0.1785,2.2604,0.6543,28.95,0.0526,-0.2585,6.361604290673054,-0.1227,7.414702509823065,0,False,-0.2747705578904757,0.1710507493083437,0,Active Forward,-0.5213672428294209,-0.2836787404814329,0.1358399556013859,0.1188396142148377,"
"Thom van Bergen,nl NED,FW,Groningen,Eredivisie,20.0,2470,0.1822,0.0364,0.2186,1.5304,0.5466,35.71,0.119,-0.1574,5.967248709691201,-0.3616,7.569395828283816,0,False,-0.0001634197703133,-0.8641458487862239,0,Active Forward,-0.3580923263222884,-0.6804120193296317,0.1435286784881146,0.1166943411225606,"
"Thomas Cannon,ie IRL,FW,Stoke City,EFL Championship,21.0,1857,0.4362,0.0485,0.4847,2.7141,1.5024,55.36,0.1607,0.4062,4.75836778519171,0.2802,6.621016537434572,0,False,3.779958214400636,-1.2699706578816294,3,Elite Attacker,0.5611999229922651,0.3796036475658563,0.1736603213451583,0.1312160910671144,"
"Tiago Fonseca Morais,pt POR,FW,Rio Ave,Primeira Liga,20.0,1562,0.2305,0.0,0.2305,2.4776,0.9795,39.53,0.093,0.0445,6.0022512677193625,-0.0172,7.4526796744343935,0,False,1.008197847978756,-0.8814392238149632,0,Active Forward,-0.0210942056321932,-0.107598919504968,0.1428112133893333,0.1183056780235688,"
"Tidjany Chabrol,fr FRA,FW,Gil Vicente FC,Primeira Liga,22.0,1046,0.086,0.1721,0.2581,2.2371,0.7744,34.62,0.0385,0.146,5.599325851944674,0.3869,6.211305266520606,0,False,0.2901322608034938,1.1258860997043123,2,Creative Playmaker,0.1423229013894829,0.5524082727846851,0.1515306294059297,0.1386711507891125,"
"Tika de Jonge,nl NED,MF,Groningen,Eredivisie,21.0,1271,0.0708,0.0708,0.1416,1.0622,0.2124,20.0,0.0667,-0.3912,7.049765955577313,-0.3339,8.219934635866068,0,False,-1.735707881400812,0.130720350666246,1,Low Volume Player,-0.7347857838015961,-0.6287761903645106,0.1242272142467876,0.1084606387674315,"
"Tom Fellows,eng ENG,MF,West Brom,EFL Championship,21.0,2872,0.1253,0.4387,0.5641,1.3475,0.3447,25.58,0.093,0.4583,4.331499693812752,0.5564,4.415439128858899,1,True,0.7810072528650717,3.2183446622421257,2,Creative Playmaker,0.6387346497489,0.80420122653353,0.1875644860601807,0.1846572320739412,"
"Tom Krauß,de GER,MF,Luton Town,EFL Championship,23.0,1601,0.1124,0.2249,0.3373,0.9557,0.1124,11.76,0.1176,0.1304,5.912177286133267,0.1542,7.002761005049219,0,False,-0.9861413029518468,1.404307948315021,1,Low Volume Player,0.1209273481736964,0.1736411689918893,0.144672215223144,0.1249568741799318,"
"Tommy Conway,sct SCO,FW,Middlesbrough,EFL Championship,21.0,2357,0.4964,0.0382,0.5346,2.291,1.1455,50.0,0.2167,0.4585,4.324614574025879,0.2434,6.809606636169496,0,False,3.548125406181903,-1.703524951680142,3,Elite Attacker,0.6389655854050104,0.3202399039834154,0.1878070207894712,0.1280474224359251,"
"Tomás Händel,pt POR,MF,Vitória Guimarães,Primeira Liga,23.0,2516,0.0715,0.0358,0.1073,0.6439,0.1073,16.67,0.1111,-0.3469,7.446773200112358,-0.3843,8.859481141148864,0,False,-2.086632902258099,-0.4947763202195676,1,Low Volume Player,-0.6570955777852394,-0.7081416125804312,0.1183884042236031,0.1014252155548498,"
"Troy Parrott,ie IRL,FW,AZ Alkmaar,Eredivisie,22.0,2176,0.579,0.0827,0.6618,2.6884,1.3649,50.77,0.2154,0.5259,3.838781644872727,0.3388,6.313958463765169,1,True,4.6221754968831466,-1.2026299861805916,3,Elite Attacker,0.7387540470002807,0.4734668686666798,0.2066635929024862,0.1367248672458563,"
"Tyler Goodhram,eng ENG,MF,Oxford United,EFL Championship,20.0,3052,0.0885,0.1769,0.2654,1.4744,0.4718,32.0,0.06,0.0861,5.661357335581896,0.3154,6.538392645441809,0,False,-0.3544014837374554,0.9029024854616172,0,Active Forward,0.0434548532760565,0.437224871877319,0.1501195551630989,0.1326542735346458,"
"Tyrhys Dolan,eng ENG,MF,Blackburn Rovers,EFL Championship,22.0,3175,0.1984,0.1701,0.3685,1.4173,0.6236,44.0,0.14,0.5289,4.5130023062067846,0.4442,6.048166219144136,0,False,1.0680511553735113,-0.0534386271762422,2,Creative Playmaker,0.7605627816411757,0.6456935487441448,0.1813893672553257,0.1418808763737457,"
"Vinícius Zanocelo,br BRA,MF,Estoril,Primeira Liga,23.0,2075,0.0867,0.0,0.0867,1.2578,0.347,27.59,0.069,-0.5356,7.275592811993933,-0.5264,8.587227759546185,0,False,-1.4923778199550126,-0.6985929571966754,1,Low Volume Player,-0.973261788924154,-0.9468734763116412,0.1208372648000136,0.1043054389736679,"
"Wagner Pina,cv CPV,MF,Estoril,Primeira Liga,21.0,2368,0.076,0.152,0.228,0.6841,0.228,33.33,0.1111,-0.0357,6.074608510601514,-0.0194,7.319601152200006,0,False,-0.8908847788604425,0.0901970723673841,0,Active Forward,-0.1537469786591268,-0.1124859742160819,0.1413505777035534,0.1201980697999643,"
"Wilfried Gnonto,it ITA,MF,Leeds United,EFL Championship,20.0,2276,0.3559,0.2373,0.5931,3.2821,1.1467,34.94,0.1084,0.5892,3.29998887383309,0.5747,4.395722350550911,0,False,3.2255596195058205,1.5158535164453597,2,Creative Playmaker,0.8268903790775252,0.8342900291396012,0.2325587412761329,0.185331997280753,12.0"
"Wilson Isidor,fr FRA,FW,Sunderland,EFL Championship,23.0,3112,0.347,0.0578,0.4049,2.7185,1.1857,43.62,0.1277,0.3837,4.770042080380431,0.2759,6.459435263012775,0,False,2.500815366388472,-0.6368273278031974,2,Creative Playmaker,0.5239466409472345,0.3704861542750806,0.173308961367933,0.1340584058633028,"
"Wouter Burger,nl NED,MF,Stoke City,EFL Championship,23.0,3002,0.03,0.03,0.06,0.7195,0.1499,20.83,0.0417,-0.4705,7.838199443202839,-0.4088,8.96064286337548,0,False,-2.4595248147105293,-0.1830853529211202,1,Low Volume Player,-0.8596747069134487,-0.7482687977950202,0.1131452176912647,0.1003951264708951,"
"Xavier Simons,eng ENG,MF,Hull City,EFL Championship,21.0,1208,0.149,0.0,0.149,1.1921,0.298,25.0,0.125,-0.3568,6.837292105770251,-0.4942,8.466357103767997,0,False,-1.0633992640290353,-1.0166698527925777,0,Active Forward,-0.6797275552920126,-0.894035681957666,0.1275950910728138,0.1056372571875573,"
"Yanis Begraoui,ma MAR,FW,Estoril,Primeira Liga,23.0,1913,0.5175,0.1411,0.6587,2.1641,1.035,47.83,0.2391,0.6047,3.049946159554064,0.3869,5.83131415797364,1,True,3.9794496240363313,-0.8890380647086542,3,Elite Attacker,0.8431588459534126,0.547322900969454,0.2469168627441973,0.1463847184999947,1.3"
"Yasser Larouci,dz ALG,MF,Watford,EFL Championship,23.0,2136,0.0,0.1264,0.1264,0.927,0.1264,13.64,0.0,-0.3143,7.654870920165876,-0.1619,8.35921471533682,0,False,-2.5240078202655365,1.2351269606253232,1,Low Volume Player,-0.6008250396073147,-0.3410874769472611,0.1155418733825361,0.1068465710441831,"
"Yassin Oukili,nl NED,MF,RKC Waalwijk,Eredivisie,23.0,2208,0.2446,0.1223,0.3668,1.7935,0.5299,29.55,0.1364,0.5469,4.8051221326300855,0.3568,6.481784652840454,0,False,0.7124454656527184,0.0455097232758925,0,Active Forward,0.7965781196489454,0.5055598628216317,0.1722616642945524,0.133657950128296,"
"Yoann Cathline,fr FRA,MF,Utrecht,Eredivisie,22.0,1945,0.2776,0.2314,0.509,2.9614,0.7404,25.0,0.0938,0.5317,3.975680649990432,0.5562,4.979129778783453,0,False,1.820604388056709,1.7512600099612956,2,Creative Playmaker,0.7521033804750397,0.8154838868052066,0.2009775285722814,0.1672484185823217,"
"Youri Regeer,nl NED,MF,Twente,Eredivisie,20.0,1342,0.0,0.0,0.0,0.9389,0.2683,28.57,0.0,-0.5279,8.200918093169623,-0.4198,9.171268464118388,0,False,-2.4852935955313464,-0.3450015973516745,1,Low Volume Player,-0.952348933651205,-0.7652301446907757,0.1086848062197573,0.0983161543250718,"
"Yousef Salech,dk DEN,FW,Cardiff City,EFL Championship,22.0,1276,0.5643,0.0705,0.6348,3.174,1.4812,46.67,0.1778,0.4893,4.181458114074144,0.3385,6.308235856089425,1,True,4.54850139143231,-0.8179800140897447,3,Elite Attacker,0.6868417190442562,0.4730074404816975,0.1929958667973689,0.1368319276623745,"
"Yu Hirakawa,jp JPN,MF,Bristol City,EFL Championship,23.0,1657,0.1086,0.1086,0.2173,1.5751,0.3802,24.14,0.069,-0.2684,6.2023376095213685,-0.1338,7.318195749103714,0,False,-0.8050706594507724,0.4704579231861996,1,Low Volume Player,-0.5399164799508889,-0.3031599248466581,0.1388438107480572,0.1202183778985665,"
"Zeno Debast,be BEL,MF,Sporting CP,Primeira Liga,20.0,2126,0.0,0.127,0.127,0.6773,0.254,37.5,0.0,-0.2941,7.230169721016071,-0.1244,7.956346475922306,0,False,-1.7894415093691325,0.4862210144905301,1,Low Volume Player,-0.5711019037355303,-0.2818109587569128,0.1215041771795373,0.1116526702811619,"
"Zico Buurmeester,nl NED,MF,AZ Alkmaar,Eredivisie,22.0,1195,0.3013,0.0753,0.3766,1.5063,0.6025,40.0,0.2,0.4123,4.742561547563937,0.1442,6.927877098579351,0,False,1.358131583540513,-1.1814221982824973,0,Active Forward,0.5710470806579394,0.1562624428399198,0.1741383164494269,0.1261371723559131,"
"Zidane Iqbal,iq IRQ,MF,Utrecht,Eredivisie,21.0,1449,0.0621,0.0,0.0621,0.9938,0.3106,31.25,0.0625,-0.5253,7.472175221852143,-0.5038,8.747567555620058,0,False,-1.707780538726502,-0.8279984089311091,1,Low Volume Player,-0.9542499182716178,-0.9080206078010562,0.1180334416857569,0.1025896967929645,"
"Óscar Aranda,es ESP,FW,Famalicão,Primeira Liga,22.0,2599,0.3117,0.1039,0.4155,2.424,0.7965,32.86,0.1286,0.5102,4.468185097945449,0.3749,6.18584448408032,0,False,1.6316372447311154,-2.090771210242253e-05,2,Creative Playmaker,0.7283827595266664,0.5320154475092607,0.182876033288582,0.1391624884473108,"
"Žan Vipotnik,si SVN,FW,Swansea City,EFL Championship,22.0,2087,0.3019,0.0,0.3019,2.4149,0.9056,37.5,0.125,0.1835,5.557638348774562,0.0267,7.318433904735293,0,False,1.3534393896822976,-1.0549056618515456,0,Active Forward,0.2041783888883612,-0.0355661634216495,0.1524939233934533,0.1202149360627541,"
